{
"type": "FeatureCollection",
"name": "GameBoard",
"crs": { "type": "name", "properties": { "name": "urn:ogc:def:crs:OGC:1.3:CRS84" } },
"features": [
{ "type": "Feature", "properties": { "name": "EH10", "area": 2.6978867603518002, "distance": 7.0343373098196862 }, "geometry": { "type": "Polygon", "coordinates": [ [ [ -3.220552740124883, 55.933669898839966 ], [ -3.220414682808563, 55.933850857313146 ], [ -3.220850687716545, 55.933972942735409 ], [ -3.220619648448765, 55.934252928426972 ], [ -3.221186769214909, 55.934480982878505 ], [ -3.221070669212532, 55.934868985994136 ], [ -3.220860696350411, 55.934799015003762 ], [ -3.220683646545256, 55.934755939065397 ], [ -3.220365675403409, 55.934849019309219 ], [ -3.219779526135226, 55.935053011742284 ], [ -3.219673591945049, 55.935092871532902 ], [ -3.218748408089127, 55.934366415161151 ], [ -3.216843130120035, 55.935129305410854 ], [ -3.216804791664777, 55.935140105540732 ], [ -3.21706729605614, 55.935348996537854 ], [ -3.217476277080138, 55.93563199523026 ], [ -3.217656375940828, 55.935747007677875 ], [ -3.216864180242287, 55.936007106158968 ], [ -3.21672116826762, 55.936035021474886 ], [ -3.216085126304197, 55.93619402966177 ], [ -3.21570912101213, 55.935910072128024 ], [ -3.214952044321311, 55.936213024812126 ], [ -3.215293060087758, 55.93646310065855 ], [ -3.214881040545547, 55.936593120170926 ], [ -3.21458492284692, 55.936335054002697 ], [ -3.214235954340707, 55.936455106373415 ], [ -3.213919852038939, 55.936575103435203 ], [ -3.213984856528319, 55.936619113501372 ], [ -3.213877877282882, 55.936782059596453 ], [ -3.21397785737563, 55.936889152230364 ], [ -3.214059934071615, 55.936926076342374 ], [ -3.21430796176613, 55.937149130869862 ], [ -3.214384933148058, 55.937124115357975 ], [ -3.214596013762494, 55.937301175949436 ], [ -3.214852942714221, 55.937222188766903 ], [ -3.214833988979745, 55.937363155237186 ], [ -3.214950926660519, 55.937455166413862 ], [ -3.21495295380859, 55.937524143688769 ], [ -3.215033040355065, 55.937590195007473 ], [ -3.214676970359762, 55.937745176575923 ], [ -3.214808921376911, 55.937878186672158 ], [ -3.214955022496942, 55.937940263028906 ], [ -3.215252010176393, 55.937808233654792 ], [ -3.215404025112281, 55.937924245103602 ], [ -3.215532011113638, 55.937943196512364 ], [ -3.215596985042377, 55.937969238003966 ], [ -3.21571209390557, 55.938032248131172 ], [ -3.21586309980271, 55.938141261443121 ], [ -3.215960079194813, 55.938211278107246 ], [ -3.216023997785594, 55.938275242352837 ], [ -3.216085038784189, 55.938344266019364 ], [ -3.216114120411646, 55.938421331374244 ], [ -3.216222088460379, 55.938412269842225 ], [ -3.216239058236782, 55.938469330526665 ], [ -3.216285090865677, 55.938493312634918 ], [ -3.216414114449798, 55.938684296861915 ], [ -3.216311037200438, 55.93880731747435 ], [ -3.216443076798075, 55.938913372916808 ], [ -3.216222078309363, 55.939014378880145 ], [ -3.215824997633078, 55.938623270696176 ], [ -3.215686001426056, 55.93859427627951 ], [ -3.215184976063716, 55.938728319251545 ], [ -3.214402864200985, 55.938950299524407 ], [ -3.213974750423828, 55.939056307429908 ], [ -3.213806832634247, 55.938841267377917 ], [ -3.213549789829539, 55.938942354088795 ], [ -3.213343736226607, 55.939023352971098 ], [ -3.213294759030258, 55.939040276036039 ], [ -3.213294727876588, 55.939115292865026 ], [ -3.213228678215882, 55.939063296952533 ], [ -3.212818650417024, 55.938734296431427 ], [ -3.212490715625014, 55.938476268978292 ], [ -3.212189644468703, 55.938613272988007 ], [ -3.212342647573102, 55.938727301962615 ], [ -3.212374596293468, 55.938744236892447 ], [ -3.21215867620638, 55.938843298902185 ], [ -3.212009578077184, 55.938909270916263 ], [ -3.21196063408977, 55.938927271203639 ], [ -3.21202561526056, 55.938966251478725 ], [ -3.211794538928027, 55.939049290707999 ], [ -3.211625636576111, 55.938950330876686 ], [ -3.211324519209299, 55.939090297904549 ], [ -3.211146503678201, 55.939029249710181 ], [ -3.210846465833303, 55.939157346048297 ], [ -3.210972530940296, 55.9392543022987 ], [ -3.210624437382423, 55.939416290915801 ], [ -3.210794408219146, 55.939528358265555 ], [ -3.210589452908849, 55.939636383564839 ], [ -3.210283459390918, 55.939785379905466 ], [ -3.210226375232864, 55.939741379944032 ], [ -3.210205401138292, 55.939750390292033 ], [ -3.210095435849921, 55.939674387564843 ], [ -3.209686346132117, 55.939870393054939 ], [ -3.209259274939286, 55.939595362391465 ], [ -3.208990277791494, 55.93972431740157 ], [ -3.20843025595698, 55.939970313261071 ], [ -3.208639240069426, 55.940114343333576 ], [ -3.20847619987614, 55.940182334407815 ], [ -3.208431175142706, 55.940203349393137 ], [ -3.208625209628661, 55.940329378420671 ], [ -3.208664266695899, 55.9403583729869 ], [ -3.208747196658541, 55.940418381158821 ], [ -3.208551238548778, 55.94051041303765 ], [ -3.208409196135931, 55.940574424760079 ], [ -3.208572225945831, 55.940671380252873 ], [ -3.208171120246921, 55.940666419895322 ], [ -3.208040186954076, 55.940578402709704 ], [ -3.207910162950714, 55.940498372237833 ], [ -3.207933179833688, 55.940228356878364 ], [ -3.207906697704576, 55.940221608979023 ], [ -3.207935936623274, 55.940193921106335 ], [ -3.207625825153804, 55.939952236699817 ], [ -3.207167239318339, 55.940161835505059 ], [ -3.207016026995543, 55.940058383762079 ], [ -3.206769982624488, 55.939898363071165 ], [ -3.206565042190803, 55.939990300084077 ], [ -3.206295972488689, 55.940083313833156 ], [ -3.205978894886398, 55.940203389551655 ], [ -3.205334826816848, 55.940443365958124 ], [ -3.205124834112883, 55.940534361718882 ], [ -3.204942814949731, 55.940599389302577 ], [ -3.204829787390861, 55.940641371822515 ], [ -3.204436764970219, 55.940705407238113 ], [ -3.202705514157905, 55.940989413137395 ], [ -3.202243471036814, 55.941084391305566 ], [ -3.202060545417029, 55.940843338614407 ], [ -3.201708418446103, 55.94085539815255 ], [ -3.201672425111777, 55.940507349754533 ], [ -3.201662447662102, 55.940415361081143 ], [ -3.201713423430327, 55.940228266253115 ], [ -3.202201561099493, 55.939727228130444 ], [ -3.202387586217083, 55.939510246048386 ], [ -3.202903595859871, 55.939649222773355 ], [ -3.203028673065311, 55.93954028338586 ], [ -3.202716638959938, 55.939282254677309 ], [ -3.2023116057694, 55.938630106206325 ], [ -3.20213662755941, 55.938155122466803 ], [ -3.201735621251153, 55.93761101036074 ], [ -3.201600623486021, 55.937361044499937 ], [ -3.201532506281344, 55.937262974632119 ], [ -3.201344581707111, 55.936944976700133 ], [ -3.201009553702678, 55.936377938555978 ], [ -3.201456597908166, 55.936328929354445 ], [ -3.20153863586022, 55.936330914345035 ], [ -3.201523538643749, 55.936192887597244 ], [ -3.201509634028896, 55.93608485578909 ], [ -3.201501642526428, 55.936022854254503 ], [ -3.201489637869396, 55.935890906460799 ], [ -3.201501503682757, 55.93589043138229 ], [ -3.201412926288423, 55.935016073407333 ], [ -3.202244730990155, 55.93491982598573 ], [ -3.202000732814456, 55.934265745398527 ], [ -3.201719660828898, 55.934302716443526 ], [ -3.201666715525902, 55.934131728179537 ], [ -3.201596731168585, 55.934143730627497 ], [ -3.201574689969815, 55.933964714655581 ], [ -3.201877738452758, 55.933925642893215 ], [ -3.2017937323135, 55.933791702279642 ], [ -3.201856721178593, 55.933745628729547 ], [ -3.201768682588308, 55.933485681801166 ], [ -3.20261387752744, 55.933396667953673 ], [ -3.202455872417713, 55.932940564798827 ], [ -3.202451851663019, 55.932823542393372 ], [ -3.202292842886505, 55.932833539254361 ], [ -3.202208818583951, 55.932187510497677 ], [ -3.201503766564978, 55.932176510582771 ], [ -3.200928651617036, 55.932218503470914 ], [ -3.200909617989814, 55.932119505551938 ], [ -3.201003743296768, 55.932064504245879 ], [ -3.200952681234825, 55.931975521295129 ], [ -3.200793689411946, 55.931994500082439 ], [ -3.200716650395582, 55.931573451724063 ], [ -3.200573673300239, 55.931619405856424 ], [ -3.199664556642698, 55.931727445609646 ], [ -3.199042484415464, 55.931787405791709 ], [ -3.198986555211833, 55.931536397923935 ], [ -3.198474481818327, 55.931559438453498 ], [ -3.198479427155592, 55.931172359312406 ], [ -3.198863453575167, 55.93118739932568 ], [ -3.199391489923241, 55.931181361195804 ], [ -3.199485632074711, 55.931118365109285 ], [ -3.199820572941984, 55.93107835887659 ], [ -3.199798656949338, 55.930907337102916 ], [ -3.19973767684036, 55.930450285527264 ], [ -3.199992602385317, 55.930439357644936 ], [ -3.199907626522668, 55.930269309470383 ], [ -3.200080705156891, 55.930168260381819 ], [ -3.200110698398075, 55.930105259801337 ], [ -3.199992683791386, 55.929387239311687 ], [ -3.19992868627442, 55.928858165335647 ], [ -3.199908703234971, 55.928741118614745 ], [ -3.199667728963373, 55.928699174370351 ], [ -3.199599736857957, 55.928583134164356 ], [ -3.199758668392332, 55.928554095330313 ], [ -3.199867898590647, 55.928511852005222 ], [ -3.20136, 55.928644 ], [ -3.204003, 55.928975 ], [ -3.206604, 55.929399 ], [ -3.209153, 55.929913 ], [ -3.211639, 55.930516 ], [ -3.214053, 55.931204 ], [ -3.216384, 55.931977 ], [ -3.218625, 55.93283 ], [ -3.220558293411457, 55.93367016956666 ], [ -3.220552740124883, 55.933669898839966 ] ] ] } },
{ "type": "Feature", "properties": { "name": "EH11", "area": 2.4614088369600111, "distance": 9.0044925153081614 }, "geometry": { "type": "Polygon", "coordinates": [ [ [ -3.2152447435772, 55.946160023482449 ], [ -3.215130718185876, 55.946107064276553 ], [ -3.21504860819227, 55.946036001922927 ], [ -3.215369777971123, 55.945556951596117 ], [ -3.215446774741501, 55.945447934810609 ], [ -3.215349704446278, 55.945421940266904 ], [ -3.214977665853478, 55.945317980856046 ], [ -3.214608605111761, 55.945266906781896 ], [ -3.214344660434019, 55.945017956100266 ], [ -3.214328622736096, 55.944956933063381 ], [ -3.214252647820429, 55.944659861927192 ], [ -3.214156577598915, 55.944513830252546 ], [ -3.214135609443509, 55.944480885877759 ], [ -3.214140686115217, 55.944157860753329 ], [ -3.21417159092306, 55.944094847840326 ], [ -3.214225673458985, 55.943797842601455 ], [ -3.214345675860317, 55.943535764342442 ], [ -3.214500710108187, 55.943363719792615 ], [ -3.214607721614259, 55.943209757098892 ], [ -3.214715707686513, 55.943082736728606 ], [ -3.214936830719194, 55.942963764425876 ], [ -3.215141763908886, 55.942871723737944 ], [ -3.214848714425406, 55.94272170559011 ], [ -3.213860972387063, 55.943282070443189 ], [ -3.212071985539592, 55.942251787168843 ], [ -3.211656733644051, 55.942403209130809 ], [ -3.209988608686296, 55.941528298623609 ], [ -3.209719295931062, 55.94134677095154 ], [ -3.211155492886931, 55.940844470565175 ], [ -3.211931589129549, 55.94058447824316 ], [ -3.212816657948654, 55.940267437940541 ], [ -3.212601599533072, 55.94003938429762 ], [ -3.212174616510435, 55.940169451861728 ], [ -3.211994592688541, 55.940027388842836 ], [ -3.21173253454255, 55.939841392005945 ], [ -3.212642680338957, 55.939406325789648 ], [ -3.213294727876588, 55.939115292865026 ], [ -3.213294759030258, 55.939040276036039 ], [ -3.213343736226607, 55.939023352971098 ], [ -3.213549789829539, 55.938942354088795 ], [ -3.213806832634247, 55.938841267377917 ], [ -3.213974750423828, 55.939056307429908 ], [ -3.214402864200985, 55.938950299524407 ], [ -3.215184976063716, 55.938728319251545 ], [ -3.215686001426056, 55.93859427627951 ], [ -3.215824997633078, 55.938623270696176 ], [ -3.216222078309363, 55.939014378880145 ], [ -3.216443076798075, 55.938913372916808 ], [ -3.216311037200438, 55.93880731747435 ], [ -3.216414114449798, 55.938684296861915 ], [ -3.216285090865677, 55.938493312634918 ], [ -3.216239058236782, 55.938469330526665 ], [ -3.216222088460379, 55.938412269842225 ], [ -3.216114120411646, 55.938421331374244 ], [ -3.216085038784189, 55.938344266019364 ], [ -3.216023997785594, 55.938275242352837 ], [ -3.215960079194813, 55.938211278107246 ], [ -3.21586309980271, 55.938141261443121 ], [ -3.21571209390557, 55.938032248131172 ], [ -3.215596985042377, 55.937969238003966 ], [ -3.215532011113638, 55.937943196512364 ], [ -3.215404025112281, 55.937924245103602 ], [ -3.215252010176393, 55.937808233654792 ], [ -3.214955022496942, 55.937940263028906 ], [ -3.214808921376911, 55.937878186672158 ], [ -3.214676970359762, 55.937745176575923 ], [ -3.215033040355065, 55.937590195007473 ], [ -3.21495295380859, 55.937524143688769 ], [ -3.214950926660519, 55.937455166413862 ], [ -3.214833988979745, 55.937363155237186 ], [ -3.214852942714221, 55.937222188766903 ], [ -3.214596013762494, 55.937301175949436 ], [ -3.214384933148058, 55.937124115357975 ], [ -3.21430796176613, 55.937149130869862 ], [ -3.214059934071615, 55.936926076342374 ], [ -3.21397785737563, 55.936889152230364 ], [ -3.213877877282882, 55.936782059596453 ], [ -3.213984856528319, 55.936619113501372 ], [ -3.213919852038939, 55.936575103435203 ], [ -3.214235954340707, 55.936455106373415 ], [ -3.21458492284692, 55.936335054002697 ], [ -3.214881040545547, 55.936593120170926 ], [ -3.215293060087758, 55.93646310065855 ], [ -3.214952044321311, 55.936213024812126 ], [ -3.21570912101213, 55.935910072128024 ], [ -3.216085126304197, 55.93619402966177 ], [ -3.21672116826762, 55.936035021474886 ], [ -3.216864180242287, 55.936007106158968 ], [ -3.217656375940828, 55.935747007677875 ], [ -3.217476277080138, 55.93563199523026 ], [ -3.21706729605614, 55.935348996537854 ], [ -3.216804791664777, 55.935140105540732 ], [ -3.216843130120035, 55.935129305410854 ], [ -3.218748408089127, 55.934366415161151 ], [ -3.219673591945049, 55.935092871532902 ], [ -3.219779526135226, 55.935053011742284 ], [ -3.220365675403409, 55.934849019309219 ], [ -3.220683646545256, 55.934755939065397 ], [ -3.220860696350411, 55.934799015003762 ], [ -3.221070669212532, 55.934868985994136 ], [ -3.221186769214909, 55.934480982878505 ], [ -3.220619648448765, 55.934252928426972 ], [ -3.220850687716545, 55.933972942735409 ], [ -3.220414682808563, 55.933850857313146 ], [ -3.220552740124883, 55.933669898839966 ], [ -3.220558293411457, 55.93367016956666 ], [ -3.220765, 55.93376 ], [ -3.222797, 55.934763 ], [ -3.224712, 55.935836 ], [ -3.226504, 55.936974 ], [ -3.228164, 55.938173 ], [ -3.229686, 55.939428 ], [ -3.231065, 55.940734 ], [ -3.232279120014656, 55.942067557837234 ], [ -3.230442456797865, 55.942509830133417 ], [ -3.227976210855304, 55.943103931718632 ], [ -3.227561111002041, 55.943170866347174 ], [ -3.226162890556371, 55.943508932284061 ], [ -3.22438071393431, 55.943876941652853 ], [ -3.223856692393348, 55.943998939977703 ], [ -3.223284646272728, 55.944138931689963 ], [ -3.222902558555016, 55.944214955979824 ], [ -3.222327455655045, 55.944341946718502 ], [ -3.221052421843635, 55.944623929528461 ], [ -3.220794267728377, 55.944681918895434 ], [ -3.22058524937329, 55.944727921447537 ], [ -3.220564251645123, 55.944731992576045 ], [ -3.220081270245734, 55.944832994762351 ], [ -3.219374211968198, 55.94497996488829 ], [ -3.218655063841621, 55.945128937139494 ], [ -3.218018959620298, 55.945261002910073 ], [ -3.217647918383052, 55.945311027626971 ], [ -3.216140781187881, 55.945621036749813 ], [ -3.216003827940545, 55.945856062440043 ], [ -3.215619716114786, 55.945860032186829 ], [ -3.215480651814394, 55.946032010358728 ], [ -3.215388701419148, 55.946140006726594 ], [ -3.215375729442771, 55.946257016611 ], [ -3.215251741817591, 55.946375031590335 ], [ -3.2152447435772, 55.946160023482449 ] ] ] } },
{ "type": "Feature", "properties": { "name": "EH12", "area": 2.2367554229659978, "distance": 9.9999999999999982 }, "geometry": { "type": "Polygon", "coordinates": [ [ [ -3.236025715117221, 55.952018886365117 ], [ -3.235667612409988, 55.951833813211437 ], [ -3.235324634996624, 55.951621815011663 ], [ -3.234968568311055, 55.95150877131794 ], [ -3.234707554186737, 55.951340780257105 ], [ -3.234083565736398, 55.950879681945999 ], [ -3.233720465113052, 55.95053267130794 ], [ -3.23319843105972, 55.950735724903438 ], [ -3.232123264139268, 55.951177713028457 ], [ -3.23179127195773, 55.951306718540209 ], [ -3.231000159693442, 55.951628795151485 ], [ -3.230982102288259, 55.951575790142456 ], [ -3.230097086894895, 55.951943808803399 ], [ -3.228335899269784, 55.950954627903734 ], [ -3.227941855141153, 55.951138684646956 ], [ -3.226894832701048, 55.950447641682864 ], [ -3.226953775227209, 55.95029459606328 ], [ -3.227072746746082, 55.950014547550005 ], [ -3.22691173455206, 55.949971590071044 ], [ -3.226732809799166, 55.949892515281803 ], [ -3.226761727684477, 55.949775525023092 ], [ -3.226627822103838, 55.949587474972589 ], [ -3.226415708079016, 55.949473512760797 ], [ -3.226300780577016, 55.949384457018205 ], [ -3.226220678501288, 55.949394507684516 ], [ -3.225350638505971, 55.949241450186513 ], [ -3.224515577844253, 55.949150477884146 ], [ -3.223587426720544, 55.949168412184576 ], [ -3.222980410909067, 55.949219448107115 ], [ -3.222628413673816, 55.94925043218867 ], [ -3.222167366193301, 55.949353470582224 ], [ -3.221897283501677, 55.949419396456229 ], [ -3.221310176081505, 55.949595463800954 ], [ -3.220930162819886, 55.949743422953318 ], [ -3.220598129469231, 55.949863504438333 ], [ -3.220393077649907, 55.94997352316495 ], [ -3.220311097673474, 55.950423535433444 ], [ -3.220469076623977, 55.950844578577723 ], [ -3.220520135190963, 55.95096059544462 ], [ -3.219836003104085, 55.951092606643741 ], [ -3.21862892302373, 55.950413499989565 ], [ -3.21830282711582, 55.950218447432754 ], [ -3.218106814126517, 55.950103503292816 ], [ -3.217745877898562, 55.949837460677443 ], [ -3.217398717866777, 55.949993439303597 ], [ -3.217153804239634, 55.94984340010663 ], [ -3.216784749059645, 55.949802394370806 ], [ -3.216669713356608, 55.949713420671152 ], [ -3.216539714045572, 55.949669424773852 ], [ -3.216583697074187, 55.949543394168998 ], [ -3.216596701601509, 55.949444351890705 ], [ -3.216449722868053, 55.94934733823343 ], [ -3.21655476573803, 55.949130325760507 ], [ -3.215931675871136, 55.948660323521494 ], [ -3.215734678438192, 55.948509269675981 ], [ -3.214976518933518, 55.94884026137597 ], [ -3.214901603364238, 55.949003340944728 ], [ -3.214648453995013, 55.949104301217126 ], [ -3.214473505306896, 55.949151304966634 ], [ -3.214195509245447, 55.94895630663796 ], [ -3.213655406023996, 55.948584299317517 ], [ -3.214285550546038, 55.948272275826596 ], [ -3.21385950188724, 55.947962213114408 ], [ -3.213516480604665, 55.947731199092978 ], [ -3.213585505098846, 55.947675177848645 ], [ -3.213562423705292, 55.947659144124351 ], [ -3.213647436280003, 55.947464162532277 ], [ -3.213455396985918, 55.947319165382183 ], [ -3.213770461125848, 55.947163154558432 ], [ -3.213864550505152, 55.947081102153234 ], [ -3.213749431516824, 55.94701009459704 ], [ -3.213665484738187, 55.946876071558478 ], [ -3.213613528161799, 55.946760060760525 ], [ -3.213676492680523, 55.946696103368147 ], [ -3.213640531067119, 55.946589098718171 ], [ -3.213911546600992, 55.946532075859523 ], [ -3.214358578537822, 55.946492094419028 ], [ -3.214612606622921, 55.946445029988411 ], [ -3.214818617676572, 55.946353069205514 ], [ -3.214962610919485, 55.946351020617222 ], [ -3.215251741817591, 55.946375031590335 ], [ -3.215375729442771, 55.946257016611 ], [ -3.215388701419148, 55.946140006726594 ], [ -3.215480651814394, 55.946032010358728 ], [ -3.215619716114786, 55.945860032186829 ], [ -3.216003827940545, 55.945856062440043 ], [ -3.216140781187881, 55.945621036749813 ], [ -3.217647918383052, 55.945311027626971 ], [ -3.218018959620298, 55.945261002910073 ], [ -3.218655063841621, 55.945128937139494 ], [ -3.219374211968198, 55.94497996488829 ], [ -3.220081270245734, 55.944832994762351 ], [ -3.220564251645123, 55.944731992576045 ], [ -3.22058524937329, 55.944727921447537 ], [ -3.220794267728377, 55.944681918895434 ], [ -3.221052421843635, 55.944623929528461 ], [ -3.222327455655045, 55.944341946718502 ], [ -3.222902558555016, 55.944214955979824 ], [ -3.223284646272728, 55.944138931689963 ], [ -3.223856692393348, 55.943998939977703 ], [ -3.22438071393431, 55.943876941652853 ], [ -3.226162890556371, 55.943508932284061 ], [ -3.227561111002041, 55.943170866347174 ], [ -3.227976210855304, 55.943103931718632 ], [ -3.230442456797865, 55.942509830133417 ], [ -3.232279120014656, 55.942067557837234 ], [ -3.232295, 55.942085 ], [ -3.233371, 55.943478 ], [ -3.234289, 55.944905 ], [ -3.235044, 55.946361 ], [ -3.235635, 55.947842 ], [ -3.236059, 55.94934 ], [ -3.236314, 55.95085 ], [ -3.236377289771957, 55.951978791697492 ], [ -3.236025715117221, 55.952018886365117 ] ] ] } },
{ "type": "Feature", "properties": { "name": "EH2", "area": 1.5388294700221699, "distance": 1.7198529138896337 }, "geometry": { "type": "Polygon", "coordinates": [ [ [ -3.192168904093094, 55.956090740786451 ], [ -3.191924773871214, 55.95598574382295 ], [ -3.191441765161541, 55.955890692432078 ], [ -3.191245802276808, 55.955775705448623 ], [ -3.191084805109196, 55.955732701129882 ], [ -3.190986789089917, 55.955697712560372 ], [ -3.190921766549876, 55.95564470667 ], [ -3.190969798536527, 55.95563471949211 ], [ -3.190984697668646, 55.955616697416012 ], [ -3.1909517938104, 55.955581708422351 ], [ -3.190887738300501, 55.955581698557403 ], [ -3.190775662492881, 55.955600659631308 ], [ -3.190556702496818, 55.955252670067672 ], [ -3.191082719369284, 55.955148673754145 ], [ -3.190966775870675, 55.955041627364629 ], [ -3.190552691151123, 55.955117679837706 ], [ -3.190035712058606, 55.954969586427197 ], [ -3.189955720779861, 55.95497961232752 ], [ -3.189891696564278, 55.954980589883831 ], [ -3.189827630599094, 55.954971595610296 ], [ -3.189794607737142, 55.954945591425073 ], [ -3.189777656505099, 55.954909639548077 ], [ -3.189776706674964, 55.954891590951163 ], [ -3.189647644253373, 55.954847557740919 ], [ -3.189535566120391, 55.954840554065008 ], [ -3.189104552617438, 55.954898617470128 ], [ -3.189040630253817, 55.954898605366161 ], [ -3.188992576175087, 55.954890624083006 ], [ -3.188275533398986, 55.954501527073553 ], [ -3.188992553780783, 55.954368566201431 ], [ -3.18940569438512, 55.954257580428255 ], [ -3.189285594016147, 55.953997485849456 ], [ -3.189085583429538, 55.953939492876493 ], [ -3.188995598666907, 55.953959496952415 ], [ -3.188936622791569, 55.953935539733031 ], [ -3.188618542330769, 55.953752460375028 ], [ -3.188445498886418, 55.953781440552113 ], [ -3.188395498284649, 55.953718495957055 ], [ -3.188352522526464, 55.95363050818159 ], [ -3.188207557821892, 55.953334446967055 ], [ -3.187665544121227, 55.953411453727128 ], [ -3.187503469059602, 55.953341413444711 ], [ -3.187853503009476, 55.953274433465054 ], [ -3.187979502257293, 55.953201437008104 ], [ -3.187707522033207, 55.952716409076416 ], [ -3.188355557140805, 55.952617357245394 ], [ -3.188516559456667, 55.952596399184451 ], [ -3.189175617982294, 55.952525356514862 ], [ -3.189425200586395, 55.95248180123528 ], [ -3.189654924951655, 55.952962022732564 ], [ -3.190020792305951, 55.952903418469845 ], [ -3.190704880496198, 55.952761422102171 ], [ -3.190717850398107, 55.952663371531806 ], [ -3.190252809611437, 55.951607306646935 ], [ -3.189943807738467, 55.950936223659568 ], [ -3.190707874435097, 55.950785189466274 ], [ -3.191160886255577, 55.950688186606662 ], [ -3.192145984327123, 55.950476341334969 ], [ -3.192156086078765, 55.950474177293039 ], [ -3.193031218883581, 55.950268150190723 ], [ -3.19351022965593, 55.950218232457239 ], [ -3.193831237817852, 55.950269206460732 ], [ -3.194200264478323, 55.950284227588881 ], [ -3.194490361667743, 55.950326245942605 ], [ -3.194589262242041, 55.950433184771235 ], [ -3.194775312281222, 55.950754265118782 ], [ -3.194967378568616, 55.950743239106934 ], [ -3.197135600126138, 55.950426262071581 ], [ -3.199620920534072, 55.949979216434691 ], [ -3.201130072357967, 55.949605245917212 ], [ -3.201984155286888, 55.949246183054242 ], [ -3.202164168856441, 55.949379186802958 ], [ -3.202505258039435, 55.949511247410008 ], [ -3.20304219610751, 55.949784240579547 ], [ -3.203529330778923, 55.950022320957686 ], [ -3.203752456877558, 55.950191106807502 ], [ -3.203994577104185, 55.950082550660156 ], [ -3.205580560765499, 55.949721789739911 ], [ -3.205705318055241, 55.949967179645718 ], [ -3.206271963709803, 55.950047970160696 ], [ -3.206713968917602, 55.949891543576214 ], [ -3.20696356284907, 55.949671237327763 ], [ -3.207851649096232, 55.949489863207781 ], [ -3.208058172005389, 55.949298815475075 ], [ -3.208285451417471, 55.949070459955543 ], [ -3.208982070438411, 55.948758530765211 ], [ -3.209065919784665, 55.948826255958409 ], [ -3.20919693018516, 55.948924243580144 ], [ -3.209355955114545, 55.948887286026753 ], [ -3.20942391266546, 55.949021289155631 ], [ -3.20909285288913, 55.949186249912621 ], [ -3.20963389601641, 55.949585309610036 ], [ -3.209348879786081, 55.949719363286619 ], [ -3.209447948191726, 55.949775349508705 ], [ -3.209465874132812, 55.949829347055704 ], [ -3.209689921707071, 55.949836311494629 ], [ -3.209931965023118, 55.949878316093191 ], [ -3.209990965515197, 55.950021390850843 ], [ -3.210023046845778, 55.950097349951399 ], [ -3.209990966899808, 55.950237366079747 ], [ -3.210009025832723, 55.950291362243128 ], [ -3.209552851418984, 55.950556376573921 ], [ -3.209252898389562, 55.950694439698793 ], [ -3.209064896880645, 55.950848473289732 ], [ -3.209083810464526, 55.950938397164286 ], [ -3.209088878915227, 55.951109492495597 ], [ -3.209157795479889, 55.951261454316146 ], [ -3.208876840009501, 55.951280471847788 ], [ -3.208629850485229, 55.951266453872549 ], [ -3.208437801535282, 55.951286485009327 ], [ -3.208408784030469, 55.95123250625624 ], [ -3.208200315162089, 55.951268060665058 ], [ -3.208291392954211, 55.951512610295588 ], [ -3.208316761854964, 55.951521525215313 ], [ -3.208205794015825, 55.951558459380067 ], [ -3.208238724713243, 55.951674479186636 ], [ -3.208002731177096, 55.951712549113694 ], [ -3.207859688505547, 55.951741532111697 ], [ -3.207923757400633, 55.951801546043939 ], [ -3.208127729735311, 55.952168518969266 ], [ -3.20813267949325, 55.952293527581737 ], [ -3.207600693258884, 55.952368547546804 ], [ -3.207654615720614, 55.952416532661118 ], [ -3.207786652362146, 55.952589617864213 ], [ -3.207925612681415, 55.952836573289062 ], [ -3.207943688430831, 55.95289964338825 ], [ -3.207931631811276, 55.953025627250042 ], [ -3.207452624096099, 55.953084674739742 ], [ -3.206998536241372, 55.953180669989976 ], [ -3.206418525733769, 55.953291641875587 ], [ -3.205921365129668, 55.953429650645305 ], [ -3.205944399457218, 55.953503632954835 ], [ -3.205966545463843, 55.95350656062849 ], [ -3.205656022941144, 55.953802836309706 ], [ -3.205236906945728, 55.953991916268308 ], [ -3.204225055637025, 55.954095600916673 ], [ -3.204300242430291, 55.954211747788626 ], [ -3.204469175574162, 55.954488779910527 ], [ -3.204604175849593, 55.954693732600624 ], [ -3.203856212888299, 55.9548537692609 ], [ -3.202034913293689, 55.95517179225623 ], [ -3.201895955904001, 55.955196775425854 ], [ -3.20130783479122, 55.955345804306781 ], [ -3.200397738502445, 55.955435797902823 ], [ -3.19955360980495, 55.955587760960896 ], [ -3.199536649257406, 55.955551810471626 ], [ -3.198898534758066, 55.955647769891222 ], [ -3.198899634432793, 55.9556748009541 ], [ -3.198820608886861, 55.955711775138298 ], [ -3.197131385554119, 55.956006788934836 ], [ -3.196511290254353, 55.956147840083382 ], [ -3.196005202320289, 55.956349860938481 ], [ -3.19590827519685, 55.956341817595501 ], [ -3.195368188427925, 55.956490800948565 ], [ -3.19506619893156, 55.956565871039246 ], [ -3.195035187341239, 55.956583870177731 ], [ -3.194685136295473, 55.956650870598189 ], [ -3.19431801528661, 55.956716867529678 ], [ -3.194126987983866, 55.956736866261622 ], [ -3.193790982093404, 55.95676680393273 ], [ -3.193439920641058, 55.956796796643737 ], [ -3.193358950426333, 55.95677080851398 ], [ -3.193277955827695, 55.956726852636798 ], [ -3.19311590839309, 55.956692845080269 ], [ -3.193200011614057, 55.956558798610118 ], [ -3.192808855957906, 55.956345802102433 ], [ -3.192570929097481, 55.956386825636578 ], [ -3.192405827677299, 55.956519768773568 ], [ -3.192168904093094, 55.956090740786451 ] ] ] } },
{ "type": "Feature", "properties": { "name": "EH4", "area": 6.7436922277436206, "distance": 9.0629179071412267 }, "geometry": { "type": "Polygon", "coordinates": [ [ [ -3.223502705891478, 55.968320356053589 ], [ -3.223168703499738, 55.967901243994163 ], [ -3.22179457729658, 55.968031305218183 ], [ -3.219893316612564, 55.968212297768815 ], [ -3.219471341025417, 55.967515183736474 ], [ -3.220169390585479, 55.967329224625637 ], [ -3.22011843029006, 55.967221202571096 ], [ -3.221009503675059, 55.967023175833809 ], [ -3.221529971967848, 55.966899879393978 ], [ -3.220459801481156, 55.965395331545501 ], [ -3.220395530434959, 55.965409982965461 ], [ -3.22021848542774, 55.965190999309826 ], [ -3.220299327698559, 55.965169805281896 ], [ -3.217380123903518, 55.961065410711612 ], [ -3.217186335174645, 55.961094546231671 ], [ -3.216340305531851, 55.961183575026702 ], [ -3.210365587022558, 55.961727530987787 ], [ -3.210356643999372, 55.961449474807026 ], [ -3.210283587926285, 55.96114446740782 ], [ -3.21005058270971, 55.960886399579969 ], [ -3.209967593489587, 55.960779406598121 ], [ -3.209801516558956, 55.960583389396113 ], [ -3.209475545344655, 55.960406370142827 ], [ -3.209248562332065, 55.960345350243607 ], [ -3.208506411358173, 55.960190379182443 ], [ -3.208426394961308, 55.960174363740116 ], [ -3.208135449293156, 55.960078302555573 ], [ -3.207634352219977, 55.959948274336789 ], [ -3.207422322197351, 55.959824306568621 ], [ -3.207274294700714, 55.959732323338379 ], [ -3.207240374776218, 55.959682255490115 ], [ -3.207239305443639, 55.95960123047945 ], [ -3.207140346397703, 55.959494302221472 ], [ -3.206973380409486, 55.959307273960839 ], [ -3.206920256773104, 55.9591282044818 ], [ -3.20699438624625, 55.958921206346687 ], [ -3.206971315751024, 55.958723155868185 ], [ -3.207014372324211, 55.958621215215885 ], [ -3.20706141151087, 55.95850719700595 ], [ -3.2071683432543, 55.958344168477481 ], [ -3.207213339741337, 55.958245173456291 ], [ -3.207335411142917, 55.958055134363654 ], [ -3.207413459579566, 55.957991122504829 ], [ -3.207645409628101, 55.95773711865872 ], [ -3.20786353663815, 55.957510111936337 ], [ -3.20809648297734, 55.957284037613029 ], [ -3.208237566015689, 55.957183022141223 ], [ -3.208644527706237, 55.95688300933648 ], [ -3.20872255581568, 55.956810012827916 ], [ -3.209208706939284, 55.95649996787639 ], [ -3.209585656635518, 55.956262954551882 ], [ -3.209833760892902, 55.955972941723545 ], [ -3.209969730201378, 55.955737933312292 ], [ -3.21009282046553, 55.955538897308756 ], [ -3.210259875217571, 55.955275912618355 ], [ -3.210458818238556, 55.954959878449699 ], [ -3.210532837823744, 55.954779830955978 ], [ -3.210496810968809, 55.954653780112608 ], [ -3.21055689973119, 55.954509805388831 ], [ -3.210694907952389, 55.95431080184494 ], [ -3.210816966438669, 55.954129743147568 ], [ -3.210957897145202, 55.954011746166628 ], [ -3.21101592015418, 55.953839761437003 ], [ -3.210995987265807, 55.953687768504686 ], [ -3.211038007955752, 55.953489707749441 ], [ -3.211191992653871, 55.953307706002995 ], [ -3.211394044696079, 55.953108701001646 ], [ -3.211454987751325, 55.953017633095193 ], [ -3.211660081099232, 55.95290762910912 ], [ -3.211898143742942, 55.952842669714435 ], [ -3.212363181914249, 55.952856692356825 ], [ -3.212748222590116, 55.952888659976658 ], [ -3.212699141487904, 55.952843683973086 ], [ -3.212712140192201, 55.952735658277064 ], [ -3.212525150208747, 55.95263463155927 ], [ -3.212837248140518, 55.952635692924069 ], [ -3.213078250558506, 55.952660632088282 ], [ -3.213199301274902, 55.952443644834602 ], [ -3.213243183021988, 55.952326600544623 ], [ -3.21358023052106, 55.952331636853245 ], [ -3.213962349570412, 55.952274598021546 ], [ -3.214182301783489, 55.952137581234538 ], [ -3.214371385535749, 55.952018566717939 ], [ -3.214702429471168, 55.951844608017318 ], [ -3.215051400477256, 55.95168655300369 ], [ -3.215579591128764, 55.951440572654533 ], [ -3.215977627077399, 55.951255528157851 ], [ -3.216236640590049, 55.951227547298103 ], [ -3.21645968518652, 55.951189589366081 ], [ -3.217003708381875, 55.951183588901102 ], [ -3.217196653719504, 55.95121752938725 ], [ -3.217613701923427, 55.951213588931843 ], [ -3.21773781170882, 55.95108658649815 ], [ -3.218050795193338, 55.950876501748766 ], [ -3.21862892302373, 55.950413499989565 ], [ -3.219836003104085, 55.951092606643741 ], [ -3.220520135190963, 55.95096059544462 ], [ -3.220469076623977, 55.950844578577723 ], [ -3.220311097673474, 55.950423535433444 ], [ -3.220393077649907, 55.94997352316495 ], [ -3.220598129469231, 55.949863504438333 ], [ -3.220930162819886, 55.949743422953318 ], [ -3.221310176081505, 55.949595463800954 ], [ -3.221897283501677, 55.949419396456229 ], [ -3.222167366193301, 55.949353470582224 ], [ -3.222628413673816, 55.94925043218867 ], [ -3.222980410909067, 55.949219448107115 ], [ -3.223587426720544, 55.949168412184576 ], [ -3.224515577844253, 55.949150477884146 ], [ -3.225350638505971, 55.949241450186513 ], [ -3.226220678501288, 55.949394507684516 ], [ -3.226300780577016, 55.949384457018205 ], [ -3.226415708079016, 55.949473512760797 ], [ -3.226627822103838, 55.949587474972589 ], [ -3.226761727684477, 55.949775525023092 ], [ -3.226732809799166, 55.949892515281803 ], [ -3.22691173455206, 55.949971590071044 ], [ -3.227072746746082, 55.950014547550005 ], [ -3.226953775227209, 55.95029459606328 ], [ -3.226894832701048, 55.950447641682864 ], [ -3.227941855141153, 55.951138684646956 ], [ -3.228335899269784, 55.950954627903734 ], [ -3.230097086894895, 55.951943808803399 ], [ -3.230982102288259, 55.951575790142456 ], [ -3.231000159693442, 55.951628795151485 ], [ -3.23179127195773, 55.951306718540209 ], [ -3.232123264139268, 55.951177713028457 ], [ -3.23319843105972, 55.950735724903438 ], [ -3.233720465113052, 55.95053267130794 ], [ -3.234083565736398, 55.950879681945999 ], [ -3.234707554186737, 55.951340780257105 ], [ -3.234968568311055, 55.95150877131794 ], [ -3.235324634996624, 55.951621815011663 ], [ -3.235667612409988, 55.951833813211437 ], [ -3.236025715117221, 55.952018886365117 ], [ -3.236377289771957, 55.951978791697492 ], [ -3.236399, 55.952366 ], [ -3.236314, 55.953882 ], [ -3.236059, 55.955391 ], [ -3.235635, 55.956889 ], [ -3.235044, 55.958369 ], [ -3.234289, 55.959825 ], [ -3.233371, 55.961252 ], [ -3.232295, 55.962643 ], [ -3.231065, 55.963994 ], [ -3.229686, 55.965299 ], [ -3.228164, 55.966553 ], [ -3.226504, 55.967751 ], [ -3.226042603796604, 55.96804374971164 ], [ -3.223502705891478, 55.968320356053589 ] ] ] } },
{ "type": "Feature", "properties": { "name": "EH5", "area": 1.323701236993581, "distance": 7.7676763885899174 }, "geometry": { "type": "Polygon", "coordinates": [ [ [ -3.198494719342892, 55.976257844817084 ], [ -3.197886723512668, 55.975855793554246 ], [ -3.198135829471053, 55.975659768619444 ], [ -3.198252766323676, 55.975616766812763 ], [ -3.197907760563727, 55.975407739486847 ], [ -3.198937817925441, 55.975049687327356 ], [ -3.200902058833238, 55.974311671640365 ], [ -3.200589050393829, 55.97402660533681 ], [ -3.200085027614724, 55.973798559485424 ], [ -3.19954899127272, 55.97356058142995 ], [ -3.198919905776329, 55.973432571258186 ], [ -3.198453894048446, 55.973373496529724 ], [ -3.197792880299414, 55.973272473377321 ], [ -3.197003797648485, 55.973127501142336 ], [ -3.196325665454089, 55.972972463193123 ], [ -3.195758665134316, 55.972770435578319 ], [ -3.194777593983386, 55.971630273139255 ], [ -3.195907626388738, 55.97136731503916 ], [ -3.196002671715005, 55.971330277400092 ], [ -3.197052780520794, 55.972129358076714 ], [ -3.197195804880697, 55.972101376568325 ], [ -3.197799814497323, 55.972436449601602 ], [ -3.198453972340719, 55.972367473143152 ], [ -3.199411965131877, 55.97223246982707 ], [ -3.199922063984475, 55.972162461532065 ], [ -3.200194159878055, 55.972125403984009 ], [ -3.200528107413271, 55.972050460045644 ], [ -3.200991270193291, 55.971992403881657 ], [ -3.201819336333164, 55.97182244224441 ], [ -3.202920452594129, 55.971676403151555 ], [ -3.203254420120231, 55.971619419490992 ], [ -3.205471655177606, 55.971292391006941 ], [ -3.206047758184529, 55.971259444345755 ], [ -3.206223833174137, 55.971249366364191 ], [ -3.206768815892118, 55.971252387184521 ], [ -3.207329965071221, 55.971265399128043 ], [ -3.207777965577307, 55.971251397436795 ], [ -3.208403001822091, 55.971245451206286 ], [ -3.208931052154366, 55.971222395284492 ], [ -3.209410181533844, 55.97114744058365 ], [ -3.209685109337705, 55.971125427266713 ], [ -3.210081179338136, 55.971094408083445 ], [ -3.210549279033242, 55.971034470595832 ], [ -3.211070270538865, 55.97096745336956 ], [ -3.212676548655451, 55.970837474791772 ], [ -3.213483624670111, 55.970746430276677 ], [ -3.213738624690494, 55.970708432922777 ], [ -3.213801678485687, 55.970671426945678 ], [ -3.21421161476971, 55.970640437577018 ], [ -3.214472695474035, 55.970619448344173 ], [ -3.214632763041168, 55.970600442225489 ], [ -3.215223740833401, 55.970549427887661 ], [ -3.215206738850676, 55.970504406122309 ], [ -3.216708972186636, 55.970373424037369 ], [ -3.216925959073202, 55.970349450919272 ], [ -3.215868921047751, 55.969088290395163 ], [ -3.216297979826325, 55.968968343660613 ], [ -3.21687501879737, 55.968819263917936 ], [ -3.217728158442241, 55.968623252854236 ], [ -3.217621052502374, 55.968456310552718 ], [ -3.217738149757881, 55.968449224311556 ], [ -3.219893316612564, 55.968212297768815 ], [ -3.22179457729658, 55.968031305218183 ], [ -3.223168703499738, 55.967901243994163 ], [ -3.223502705891478, 55.968320356053589 ], [ -3.226042603796604, 55.96804374971164 ], [ -3.224712, 55.968888 ], [ -3.222797, 55.96996 ], [ -3.220765, 55.970963 ], [ -3.218625, 55.971892 ], [ -3.216384, 55.972744 ], [ -3.214053, 55.973515 ], [ -3.211639, 55.974204 ], [ -3.209153, 55.974806 ], [ -3.206604, 55.975319 ], [ -3.204003, 55.975742 ], [ -3.20136, 55.976072 ], [ -3.198684, 55.97631 ], [ -3.198309612110261, 55.976329711931903 ], [ -3.198494719342892, 55.976257844817084 ] ] ] } },
{ "type": "Feature", "properties": { "name": "EH16", "area": 1.0, "distance": 8.7585771164807422 }, "geometry": { "type": "Polygon", "coordinates": [ [ [ -3.166125968793043, 55.933810242956525 ], [ -3.165600834224033, 55.934037296014594 ], [ -3.165755810793597, 55.934156304631564 ], [ -3.165967939383748, 55.934288337967757 ], [ -3.166373950345988, 55.934608366718464 ], [ -3.166863897975844, 55.934936403482006 ], [ -3.167161992547893, 55.934744377513283 ], [ -3.167276063752539, 55.934815348188792 ], [ -3.167292032512751, 55.934828403319081 ], [ -3.16724897748923, 55.934959348251148 ], [ -3.16709194210155, 55.935022376110425 ], [ -3.167300982661819, 55.935152370121997 ], [ -3.167376986042894, 55.935208428643165 ], [ -3.16778496805844, 55.935527445893968 ], [ -3.168059005506247, 55.935448394558229 ], [ -3.168096059014694, 55.93553042621221 ], [ -3.168266058500688, 55.935674444379934 ], [ -3.168280135205479, 55.935668471319893 ], [ -3.168369060081999, 55.935627469725645 ], [ -3.168573042919945, 55.935808448650427 ], [ -3.168634110818645, 55.935780468315471 ], [ -3.168831146217347, 55.935717508222687 ], [ -3.168954202328771, 55.935661448690176 ], [ -3.169172158841467, 55.935850469461926 ], [ -3.16962424414783, 55.935700458493081 ], [ -3.169740215949003, 55.935825492347995 ], [ -3.169296122863108, 55.935973541249204 ], [ -3.169578235360512, 55.936197528907712 ], [ -3.169739270121937, 55.936328513583135 ], [ -3.17015024234705, 55.93667561452753 ], [ -3.17004828234438, 55.936704612837644 ], [ -3.170400191171909, 55.93701463104464 ], [ -3.170178263346394, 55.937079626832819 ], [ -3.170508300496194, 55.937399644988012 ], [ -3.170698274498792, 55.937325608920681 ], [ -3.171046340540041, 55.937726669389889 ], [ -3.171316315346463, 55.937652680516273 ], [ -3.171443389736185, 55.937624700138642 ], [ -3.171708360721486, 55.937909757255142 ], [ -3.171914323631841, 55.937853714873199 ], [ -3.172128427293377, 55.938049774628432 ], [ -3.172462381541913, 55.937956757429312 ], [ -3.175048790205876, 55.937185729121886 ], [ -3.175279805909645, 55.93741674951206 ], [ -3.175549778443, 55.937351735297156 ], [ -3.175732853024352, 55.937481693393195 ], [ -3.175811760445252, 55.937458749956242 ], [ -3.17595284445622, 55.937422725309439 ], [ -3.176103805803131, 55.937407718545522 ], [ -3.176310902093379, 55.937454704101341 ], [ -3.17614884693534, 55.937495690861482 ], [ -3.176280828779353, 55.93761670271585 ], [ -3.176072770152437, 55.937681756415472 ], [ -3.176117786922419, 55.937742777059135 ], [ -3.17588078291918, 55.937819785897958 ], [ -3.175991639643468, 55.937927613557221 ], [ -3.175175233227698, 55.938126761926277 ], [ -3.175267023960979, 55.93843331780527 ], [ -3.17553275595021, 55.938358821117099 ], [ -3.175614774786691, 55.938429820456577 ], [ -3.175973834962734, 55.938668871210844 ], [ -3.175385724900746, 55.938808883292225 ], [ -3.175135727844961, 55.938866878741912 ], [ -3.174527645012404, 55.939005819430797 ], [ -3.174940583207887, 55.939432933025984 ], [ -3.17507267965271, 55.939548914038106 ], [ -3.174849689497454, 55.939613928313349 ], [ -3.175083683506341, 55.939907988101695 ], [ -3.175273725604149, 55.939870958321713 ], [ -3.175389698258451, 55.939994998690523 ], [ -3.175088605207153, 55.940087979858106 ], [ -3.175317629919916, 55.940257029781414 ], [ -3.175514687091857, 55.940407967149554 ], [ -3.175595613942884, 55.940434057085447 ], [ -3.175541642415128, 55.940753053649992 ], [ -3.175388678466898, 55.940881097045995 ], [ -3.175238643722187, 55.940805086441749 ], [ -3.175146604606672, 55.940739033767798 ], [ -3.174571495349623, 55.941000021588842 ], [ -3.174177431732903, 55.941184085713168 ], [ -3.174483560333984, 55.941244055759263 ], [ -3.174230515783421, 55.941372063390524 ], [ -3.175016624251911, 55.941940171760457 ], [ -3.174555511324194, 55.942125145939805 ], [ -3.174418548876553, 55.942180175581576 ], [ -3.174354511636107, 55.942206210554694 ], [ -3.173940480833851, 55.942372226680519 ], [ -3.173738463268159, 55.942581231586843 ], [ -3.173136357872717, 55.94238716246749 ], [ -3.17289836259081, 55.942310189683958 ], [ -3.171913251995489, 55.942059118208391 ], [ -3.170863178020429, 55.941746127902356 ], [ -3.170584102572691, 55.94202710261618 ], [ -3.169645951591144, 55.941730108139161 ], [ -3.169847063021118, 55.941486081171888 ], [ -3.168846943753725, 55.941235038015307 ], [ -3.168103836473928, 55.941035005018911 ], [ -3.167614758562786, 55.940751974432068 ], [ -3.167319737351371, 55.940520917458684 ], [ -3.166946765341016, 55.940344861195705 ], [ -3.166508737022792, 55.940160885002705 ], [ -3.165893683812111, 55.939950822095554 ], [ -3.165362648362767, 55.939847858809152 ], [ -3.165011593075439, 55.939886845014939 ], [ -3.1647425691166, 55.9399978248086 ], [ -3.164694533726094, 55.94002487139732 ], [ -3.164085408026929, 55.939976814015182 ], [ -3.163507442191759, 55.939928818739389 ], [ -3.162865310839444, 55.939871813545473 ], [ -3.162205325850137, 55.939760800193916 ], [ -3.161578223362827, 55.939658816632864 ], [ -3.161127223647051, 55.939591735107136 ], [ -3.16069418383019, 55.939577757573488 ], [ -3.160407114098761, 55.939597710759713 ], [ -3.160522122913959, 55.939165757273777 ], [ -3.158315866385923, 55.938736602428023 ], [ -3.157762542226837, 55.938694989169612 ], [ -3.158396, 55.938173 ], [ -3.160056, 55.936974 ], [ -3.161847, 55.935836 ], [ -3.163763, 55.934763 ], [ -3.165795, 55.93376 ], [ -3.165946341372958, 55.933694230151005 ], [ -3.166125968793043, 55.933810242956525 ] ] ] } },
{ "type": "Feature", "properties": { "name": "EH9", "area": 6.6952541483145076, "distance": 5.7382330669553561 }, "geometry": { "type": "Polygon", "coordinates": [ [ [ -3.200890296175145, 55.940924376157142 ], [ -3.200862399137105, 55.940927343255339 ], [ -3.200831334500441, 55.940930341219172 ], [ -3.199857245285915, 55.941053388697192 ], [ -3.199617156067019, 55.941055367148245 ], [ -3.199647185553944, 55.941010334473233 ], [ -3.198544132451765, 55.941057364782324 ], [ -3.198025083894472, 55.941350349743523 ], [ -3.197765991501723, 55.941271383897352 ], [ -3.197327921449325, 55.941078353229685 ], [ -3.196842923744711, 55.940930337475208 ], [ -3.196584931266985, 55.940878310457954 ], [ -3.195585774563647, 55.940672304293678 ], [ -3.19500775598672, 55.940624277382426 ], [ -3.19402762208132, 55.940508273398891 ], [ -3.193207586016614, 55.940399246097179 ], [ -3.191610336275332, 55.94015219196298 ], [ -3.191164367074802, 55.940083194977426 ], [ -3.190118302239549, 55.939943091444555 ], [ -3.188689134206319, 55.939760138705076 ], [ -3.187774977083792, 55.939715050968779 ], [ -3.186620899074522, 55.939690055645187 ], [ -3.185757799258546, 55.939743105321163 ], [ -3.185374703947963, 55.939774102911542 ], [ -3.184816634422897, 55.939851073050853 ], [ -3.184177643935845, 55.939911030138731 ], [ -3.18325449988013, 55.940082059882052 ], [ -3.182667492739427, 55.940258121870365 ], [ -3.182175358936962, 55.940398053596837 ], [ -3.181762337527799, 55.940500120749363 ], [ -3.181284256390621, 55.940577116118149 ], [ -3.18120523505482, 55.940605095150254 ], [ -3.180282190602732, 55.940802065172583 ], [ -3.180001155109172, 55.940508106238525 ], [ -3.17992120000127, 55.940527109414141 ], [ -3.179868107800626, 55.94035710204956 ], [ -3.179644114713187, 55.939820028802302 ], [ -3.179530135467523, 55.939748978721973 ], [ -3.179402108757469, 55.939471970673438 ], [ -3.179614142282578, 55.939428973907674 ], [ -3.180061126743336, 55.939362973718914 ], [ -3.18018326843413, 55.939263968339809 ], [ -3.180303200204339, 55.939239910350487 ], [ -3.180298226759733, 55.939223966520579 ], [ -3.180432234420161, 55.939193933977577 ], [ -3.18037428411997, 55.939102942474079 ], [ -3.180206183600816, 55.938979945092854 ], [ -3.180116180241631, 55.938928879828275 ], [ -3.180003258626892, 55.938896900343003 ], [ -3.179859128695365, 55.938871867756177 ], [ -3.179433175403457, 55.938899933232129 ], [ -3.179339161496084, 55.938994895366235 ], [ -3.179268147178311, 55.939016956946666 ], [ -3.179159089743703, 55.939159947499775 ], [ -3.178932110954043, 55.939062936521402 ], [ -3.178918051111984, 55.938999913725034 ], [ -3.178800125126298, 55.938937884716836 ], [ -3.178641117541332, 55.938948928940981 ], [ -3.178353036444555, 55.938969921930756 ], [ -3.178267952654432, 55.93911995941226 ], [ -3.177975914643083, 55.939188963760536 ], [ -3.177766981714002, 55.939181887347168 ], [ -3.177623923207973, 55.939039870601825 ], [ -3.17734990351263, 55.93908489372113 ], [ -3.177181854069972, 55.939106893062331 ], [ -3.177152836859693, 55.939072941373098 ], [ -3.177138942791938, 55.938997878284127 ], [ -3.176977861185495, 55.939018912380241 ], [ -3.176809888750748, 55.938777859824043 ], [ -3.176565887341368, 55.938828883264087 ], [ -3.176714855314539, 55.939017920783641 ], [ -3.176718821905888, 55.93903989362709 ], [ -3.176803841527512, 55.939100891319676 ], [ -3.176452826592291, 55.939131914108714 ], [ -3.175847777270844, 55.939235884706832 ], [ -3.175806753953233, 55.939149850428024 ], [ -3.175785746299972, 55.939144930044975 ], [ -3.175575751642667, 55.938945872637618 ], [ -3.175285738401858, 55.939033897286535 ], [ -3.175187677920952, 55.938938883866086 ], [ -3.175158741609896, 55.938898821845733 ], [ -3.175135727844961, 55.938866878741912 ], [ -3.175385724900746, 55.938808883292225 ], [ -3.175973834962734, 55.938668871210844 ], [ -3.175614774786691, 55.938429820456577 ], [ -3.17553275595021, 55.938358821117099 ], [ -3.175267023960979, 55.93843331780527 ], [ -3.175175233227698, 55.938126761926277 ], [ -3.175991639643468, 55.937927613557221 ], [ -3.17588078291918, 55.937819785897958 ], [ -3.176117786922419, 55.937742777059135 ], [ -3.176072770152437, 55.937681756415472 ], [ -3.176280828779353, 55.93761670271585 ], [ -3.17614884693534, 55.937495690861482 ], [ -3.176310902093379, 55.937454704101341 ], [ -3.176103805803131, 55.937407718545522 ], [ -3.17595284445622, 55.937422725309439 ], [ -3.175811760445252, 55.937458749956242 ], [ -3.175732853024352, 55.937481693393195 ], [ -3.175549778443, 55.937351735297156 ], [ -3.175279805909645, 55.93741674951206 ], [ -3.175048790205876, 55.937185729121886 ], [ -3.172462381541913, 55.937956757429312 ], [ -3.172128427293377, 55.938049774628432 ], [ -3.171914323631841, 55.937853714873199 ], [ -3.171708360721486, 55.937909757255142 ], [ -3.171443389736185, 55.937624700138642 ], [ -3.171316315346463, 55.937652680516273 ], [ -3.171046340540041, 55.937726669389889 ], [ -3.170698274498792, 55.937325608920681 ], [ -3.170508300496194, 55.937399644988012 ], [ -3.170178263346394, 55.937079626832819 ], [ -3.170400191171909, 55.93701463104464 ], [ -3.17004828234438, 55.936704612837644 ], [ -3.17015024234705, 55.93667561452753 ], [ -3.169739270121937, 55.936328513583135 ], [ -3.169578235360512, 55.936197528907712 ], [ -3.169296122863108, 55.935973541249204 ], [ -3.169740215949003, 55.935825492347995 ], [ -3.16962424414783, 55.935700458493081 ], [ -3.169172158841467, 55.935850469461926 ], [ -3.168954202328771, 55.935661448690176 ], [ -3.168831146217347, 55.935717508222687 ], [ -3.168634110818645, 55.935780468315471 ], [ -3.168573042919945, 55.935808448650427 ], [ -3.168369060081999, 55.935627469725645 ], [ -3.168280135205479, 55.935668471319893 ], [ -3.168266058500688, 55.935674444379934 ], [ -3.168096059014694, 55.93553042621221 ], [ -3.168059005506247, 55.935448394558229 ], [ -3.16778496805844, 55.935527445893968 ], [ -3.167376986042894, 55.935208428643165 ], [ -3.167300982661819, 55.935152370121997 ], [ -3.16709194210155, 55.935022376110425 ], [ -3.16724897748923, 55.934959348251148 ], [ -3.167292032512751, 55.934828403319081 ], [ -3.167276063752539, 55.934815348188792 ], [ -3.167161992547893, 55.934744377513283 ], [ -3.166863897975844, 55.934936403482006 ], [ -3.166373950345988, 55.934608366718464 ], [ -3.165967939383748, 55.934288337967757 ], [ -3.165755810793597, 55.934156304631564 ], [ -3.165600834224033, 55.934037296014594 ], [ -3.166125968793043, 55.933810242956525 ], [ -3.165946341372958, 55.933694230151005 ], [ -3.167935, 55.93283 ], [ -3.170175, 55.931977 ], [ -3.172507, 55.931204 ], [ -3.174921, 55.930516 ], [ -3.177407, 55.929913 ], [ -3.179955, 55.929399 ], [ -3.182557, 55.928975 ], [ -3.1852, 55.928644 ], [ -3.187876, 55.928407 ], [ -3.190572, 55.928264 ], [ -3.19328, 55.928217 ], [ -3.195987, 55.928264 ], [ -3.198684, 55.928407 ], [ -3.199867898590647, 55.928511852005222 ], [ -3.199758668392332, 55.928554095330313 ], [ -3.199599736857957, 55.928583134164356 ], [ -3.199667728963373, 55.928699174370351 ], [ -3.199908703234971, 55.928741118614745 ], [ -3.19992868627442, 55.928858165335647 ], [ -3.199992683791386, 55.929387239311687 ], [ -3.200110698398075, 55.930105259801337 ], [ -3.200080705156891, 55.930168260381819 ], [ -3.199907626522668, 55.930269309470383 ], [ -3.199992602385317, 55.930439357644936 ], [ -3.19973767684036, 55.930450285527264 ], [ -3.199798656949338, 55.930907337102916 ], [ -3.199820572941984, 55.93107835887659 ], [ -3.199485632074711, 55.931118365109285 ], [ -3.199391489923241, 55.931181361195804 ], [ -3.198863453575167, 55.93118739932568 ], [ -3.198479427155592, 55.931172359312406 ], [ -3.198474481818327, 55.931559438453498 ], [ -3.198986555211833, 55.931536397923935 ], [ -3.199042484415464, 55.931787405791709 ], [ -3.199664556642698, 55.931727445609646 ], [ -3.200573673300239, 55.931619405856424 ], [ -3.200716650395582, 55.931573451724063 ], [ -3.200793689411946, 55.931994500082439 ], [ -3.200952681234825, 55.931975521295129 ], [ -3.201003743296768, 55.932064504245879 ], [ -3.200909617989814, 55.932119505551938 ], [ -3.200928651617036, 55.932218503470914 ], [ -3.201503766564978, 55.932176510582771 ], [ -3.202208818583951, 55.932187510497677 ], [ -3.202292842886505, 55.932833539254361 ], [ -3.202451851663019, 55.932823542393372 ], [ -3.202455872417713, 55.932940564798827 ], [ -3.20261387752744, 55.933396667953673 ], [ -3.201768682588308, 55.933485681801166 ], [ -3.201856721178593, 55.933745628729547 ], [ -3.2017937323135, 55.933791702279642 ], [ -3.201877738452758, 55.933925642893215 ], [ -3.201574689969815, 55.933964714655581 ], [ -3.201596731168585, 55.934143730627497 ], [ -3.201666715525902, 55.934131728179537 ], [ -3.201719660828898, 55.934302716443526 ], [ -3.202000732814456, 55.934265745398527 ], [ -3.202244730990155, 55.93491982598573 ], [ -3.201412926288423, 55.935016073407333 ], [ -3.201501503682757, 55.93589043138229 ], [ -3.201489637869396, 55.935890906460799 ], [ -3.201501642526428, 55.936022854254503 ], [ -3.201509634028896, 55.93608485578909 ], [ -3.201523538643749, 55.936192887597244 ], [ -3.20153863586022, 55.936330914345035 ], [ -3.201456597908166, 55.936328929354445 ], [ -3.201009553702678, 55.936377938555978 ], [ -3.201344581707111, 55.936944976700133 ], [ -3.201532506281344, 55.937262974632119 ], [ -3.201600623486021, 55.937361044499937 ], [ -3.201735621251153, 55.93761101036074 ], [ -3.20213662755941, 55.938155122466803 ], [ -3.2023116057694, 55.938630106206325 ], [ -3.202716638959938, 55.939282254677309 ], [ -3.203028673065311, 55.93954028338586 ], [ -3.202903595859871, 55.939649222773355 ], [ -3.202387586217083, 55.939510246048386 ], [ -3.202201561099493, 55.939727228130444 ], [ -3.201713423430327, 55.940228266253115 ], [ -3.201662447662102, 55.940415361081143 ], [ -3.201672425111777, 55.940507349754533 ], [ -3.201708418446103, 55.94085539815255 ], [ -3.200890296175145, 55.940924376157142 ] ] ] } },
{ "type": "Feature", "properties": { "name": "EH8", "area": 10.0, "distance": 7.6950534825001258 }, "geometry": { "type": "Polygon", "coordinates": [ [ [ -3.189025917576719, 55.945525682252679 ], [ -3.188341865319055, 55.945703695487083 ], [ -3.187930849960377, 55.945859667523372 ], [ -3.187539731118219, 55.946169701237139 ], [ -3.187383741276848, 55.946314768383509 ], [ -3.187070627115679, 55.946524775953748 ], [ -3.186785623781398, 55.94664377384909 ], [ -3.186594663281783, 55.946681728473514 ], [ -3.18655266723616, 55.94688876421629 ], [ -3.18660853961241, 55.947139777370033 ], [ -3.186789592540558, 55.947308819010708 ], [ -3.186859662158665, 55.947505881323998 ], [ -3.186812584601163, 55.947533825707808 ], [ -3.186931634318508, 55.94774784512061 ], [ -3.186184559730451, 55.947934898029331 ], [ -3.185069429834992, 55.948133841672679 ], [ -3.184980410031695, 55.947847839678744 ], [ -3.184858426769686, 55.94751579730665 ], [ -3.184610358925875, 55.947244800229385 ], [ -3.184453394978976, 55.947349804429862 ], [ -3.184489310224472, 55.947483859353724 ], [ -3.184186290163437, 55.947540855273232 ], [ -3.183551260136957, 55.947708847429567 ], [ -3.18366922366758, 55.947913806524788 ], [ -3.183029169440596, 55.948120834606961 ], [ -3.182975133552318, 55.948145879599402 ], [ -3.182981208475939, 55.948210865184514 ], [ -3.182551091156422, 55.948369877212258 ], [ -3.182646126555905, 55.948489889302763 ], [ -3.182392077260939, 55.948563929468605 ], [ -3.182277144139735, 55.948466927364827 ], [ -3.181579020850764, 55.948679895315628 ], [ -3.181712023678786, 55.948849944070886 ], [ -3.181521026686587, 55.94889588681238 ], [ -3.181441979187255, 55.948914882161702 ], [ -3.181337964838202, 55.948950916823669 ], [ -3.181604967819425, 55.949119950501021 ], [ -3.181750955237491, 55.949091958019217 ], [ -3.182236055880678, 55.948929905848061 ], [ -3.18225109100247, 55.948950963751123 ], [ -3.182299053554335, 55.949016895064318 ], [ -3.18233801105153, 55.949107978018382 ], [ -3.182359047712809, 55.949182971940225 ], [ -3.182492073511072, 55.949227962885018 ], [ -3.181915071435204, 55.949294948830257 ], [ -3.181725985061301, 55.949316976212216 ], [ -3.181879658008866, 55.949528242621852 ], [ -3.181541748837682, 55.949576313056966 ], [ -3.181827040463217, 55.949990073684702 ], [ -3.181606010813804, 55.950082032909393 ], [ -3.181689986249068, 55.950216076902251 ], [ -3.18189601191262, 55.950169091403232 ], [ -3.182066940240509, 55.95050012794777 ], [ -3.182274052099483, 55.950480083287317 ], [ -3.182324011184113, 55.950542132326845 ], [ -3.182364001913712, 55.950537076965531 ], [ -3.182385973398636, 55.95058205547177 ], [ -3.182314003180207, 55.95059505403843 ], [ -3.182320049427285, 55.950607124374422 ], [ -3.182296005295042, 55.950611128328489 ], [ -3.182307067125147, 55.950649114189879 ], [ -3.182410993770335, 55.950636078519494 ], [ -3.182672026196693, 55.950600063384428 ], [ -3.182719080133453, 55.950714067443535 ], [ -3.182763265148647, 55.950811927890726 ], [ -3.182830569510966, 55.950892766402148 ], [ -3.182666887280035, 55.950929644390207 ], [ -3.182382961110666, 55.950985823560885 ], [ -3.183431294692081, 55.95238624211995 ], [ -3.183988347774094, 55.952282966122439 ], [ -3.183988479796615, 55.952282964853993 ], [ -3.184025112421466, 55.95234523109049 ], [ -3.184333627615776, 55.952869265551499 ], [ -3.184538027429005, 55.952885448576716 ], [ -3.185185836574971, 55.952986129100189 ], [ -3.185556594404916, 55.95313052861885 ], [ -3.185987481979339, 55.953323670308777 ], [ -3.18607295413551, 55.953397953615379 ], [ -3.184988915362576, 55.953534696811005 ], [ -3.185030291167791, 55.953618119286446 ], [ -3.185246464024392, 55.953764455363292 ], [ -3.186050694471921, 55.953667686687886 ], [ -3.186118880575537, 55.953733781246612 ], [ -3.18637761947008, 55.953976283237843 ], [ -3.185498936651061, 55.954018159549051 ], [ -3.185256808663306, 55.953886897080075 ], [ -3.184502455285535, 55.954025675261313 ], [ -3.184415777246027, 55.954041601414069 ], [ -3.18431202591547, 55.954060656291666 ], [ -3.183242720520933, 55.952603039060477 ], [ -3.183239430887947, 55.952603430005112 ], [ -3.181106042762471, 55.952935639078255 ], [ -3.179955199936983, 55.953190398513911 ], [ -3.179858628975181, 55.953189346674662 ], [ -3.178548538192807, 55.953319303079809 ], [ -3.178215408709307, 55.953430295962612 ], [ -3.177977411242435, 55.953486295223399 ], [ -3.17794438765162, 55.953477357418961 ], [ -3.177291341711627, 55.953582331545576 ], [ -3.176547244640584, 55.953868389539139 ], [ -3.174490023006801, 55.954696388666846 ], [ -3.17377796803851, 55.954973409865424 ], [ -3.173760915015469, 55.954955424720559 ], [ -3.173238906012362, 55.955158401604734 ], [ -3.173223892249294, 55.955203464255185 ], [ -3.172496764142245, 55.955515479124884 ], [ -3.171514611676363, 55.955902504429829 ], [ -3.171060555541476, 55.956248479133734 ], [ -3.170778539837663, 55.956448535774435 ], [ -3.170759577366375, 55.956358517173605 ], [ -3.17034449301457, 55.956407559124585 ], [ -3.170239543716779, 55.956273527147914 ], [ -3.170048486344481, 55.956323495138562 ], [ -3.170032450817093, 55.956308554365968 ], [ -3.170007474889899, 55.956312474900813 ], [ -3.169966478712743, 55.956262554053239 ], [ -3.169924542591104, 55.956181467850413 ], [ -3.169746483062492, 55.956224484189427 ], [ -3.169452409446903, 55.956020464867997 ], [ -3.169294434893484, 55.956094464223199 ], [ -3.168479310051845, 55.956402528493562 ], [ -3.168413356387358, 55.956361468348589 ], [ -3.168265271060739, 55.956417494571937 ], [ -3.168190309310119, 55.956375531469426 ], [ -3.168075308610213, 55.956385515614301 ], [ -3.167965241758632, 55.956322503336544 ], [ -3.168026322764772, 55.956289492432539 ], [ -3.167942268947225, 55.956239439971803 ], [ -3.167878293019571, 55.956189466704323 ], [ -3.167839201010442, 55.956154440450845 ], [ -3.167744250690819, 55.956207447014862 ], [ -3.167292224484601, 55.956095477239948 ], [ -3.166351114136964, 55.956751500416964 ], [ -3.166211002737556, 55.95692352108847 ], [ -3.166040096227283, 55.957068521809155 ], [ -3.165866005190619, 55.95715156327973 ], [ -3.165787047222543, 55.957187527218878 ], [ -3.165567029240081, 55.957324546926181 ], [ -3.165209930267175, 55.957277523882432 ], [ -3.164183798889014, 55.957140513884838 ], [ -3.164435811736265, 55.956850467545166 ], [ -3.16463292151827, 55.956623467675264 ], [ -3.164565861622152, 55.956004389794039 ], [ -3.164542987264601, 55.955770394840471 ], [ -3.163242798383584, 55.955693373934409 ], [ -3.163434848384961, 55.955152345459233 ], [ -3.162873799529494, 55.955112272000321 ], [ -3.162664788588118, 55.955105349981714 ], [ -3.162376692567942, 55.955099263410204 ], [ -3.162119732584853, 55.955083269751533 ], [ -3.161878641810584, 55.955050325994421 ], [ -3.16185768766685, 55.955078283892838 ], [ -3.161757650368684, 55.955389352241539 ], [ -3.16168861408299, 55.95557138855888 ], [ -3.161075604913722, 55.955516344325964 ], [ -3.160867518362101, 55.955518304629543 ], [ -3.159856474150881, 55.955455323995061 ], [ -3.15852433575192, 55.955360316722093 ], [ -3.157546195612977, 55.955324229133581 ], [ -3.156376094089016, 55.955299278459584 ], [ -3.153530707529535, 55.955515236030003 ], [ -3.153256698454241, 55.955463268121257 ], [ -3.152824675027083, 55.95545823648304 ], [ -3.152790746451248, 55.95541426314368 ], [ -3.152323696286111, 55.955328252934521 ], [ -3.151205557827215, 55.95521616232795 ], [ -3.151197508738842, 55.955234205351729 ], [ -3.15077648883578, 55.955208221071906 ], [ -3.15076644173712, 55.955181183461868 ], [ -3.150461655162806, 55.9551581711399 ], [ -3.150246, 55.953882 ], [ -3.150161, 55.952366 ], [ -3.150501, 55.94934 ], [ -3.150924, 55.947842 ], [ -3.151515, 55.946361 ], [ -3.152271, 55.944905 ], [ -3.153189, 55.943478 ], [ -3.154264, 55.942085 ], [ -3.155494, 55.940734 ], [ -3.155924578348367, 55.940326215139251 ], [ -3.157169674157185, 55.940023722052075 ], [ -3.158490842941708, 55.939786708111122 ], [ -3.160407114098761, 55.939597710759713 ], [ -3.16069418383019, 55.939577757573488 ], [ -3.161127223647051, 55.939591735107136 ], [ -3.161578223362827, 55.939658816632864 ], [ -3.162205325850137, 55.939760800193916 ], [ -3.162865310839444, 55.939871813545473 ], [ -3.163507442191759, 55.939928818739389 ], [ -3.164085408026929, 55.939976814015182 ], [ -3.164694533726094, 55.94002487139732 ], [ -3.1647425691166, 55.9399978248086 ], [ -3.165011593075439, 55.939886845014939 ], [ -3.165362648362767, 55.939847858809152 ], [ -3.165893683812111, 55.939950822095554 ], [ -3.166508737022792, 55.940160885002705 ], [ -3.166946765341016, 55.940344861195705 ], [ -3.167319737351371, 55.940520917458684 ], [ -3.167614758562786, 55.940751974432068 ], [ -3.168103836473928, 55.941035005018911 ], [ -3.168846943753725, 55.941235038015307 ], [ -3.169847063021118, 55.941486081171888 ], [ -3.169645951591144, 55.941730108139161 ], [ -3.170584102572691, 55.94202710261618 ], [ -3.170863178020429, 55.941746127902356 ], [ -3.171913251995489, 55.942059118208391 ], [ -3.17289836259081, 55.942310189683958 ], [ -3.173136357872717, 55.94238716246749 ], [ -3.173738463268159, 55.942581231586843 ], [ -3.173940480833851, 55.942372226680519 ], [ -3.174354511636107, 55.942206210554694 ], [ -3.174418548876553, 55.942180175581576 ], [ -3.174555511324194, 55.942125145939805 ], [ -3.175016624251911, 55.941940171760457 ], [ -3.174230515783421, 55.941372063390524 ], [ -3.174483560333984, 55.941244055759263 ], [ -3.174177431732903, 55.941184085713168 ], [ -3.174571495349623, 55.941000021588842 ], [ -3.175146604606672, 55.940739033767798 ], [ -3.175238643722187, 55.940805086441749 ], [ -3.175388678466898, 55.940881097045995 ], [ -3.175541642415128, 55.940753053649992 ], [ -3.175595613942884, 55.940434057085447 ], [ -3.175514687091857, 55.940407967149554 ], [ -3.175317629919916, 55.940257029781414 ], [ -3.175088605207153, 55.940087979858106 ], [ -3.175389698258451, 55.939994998690523 ], [ -3.175273725604149, 55.939870958321713 ], [ -3.175083683506341, 55.939907988101695 ], [ -3.174849689497454, 55.939613928313349 ], [ -3.17507267965271, 55.939548914038106 ], [ -3.174940583207887, 55.939432933025984 ], [ -3.174527645012404, 55.939005819430797 ], [ -3.175135727844961, 55.938866878741912 ], [ -3.175158741609896, 55.938898821845733 ], [ -3.175187677920952, 55.938938883866086 ], [ -3.175285738401858, 55.939033897286535 ], [ -3.175575751642667, 55.938945872637618 ], [ -3.175785746299972, 55.939144930044975 ], [ -3.175806753953233, 55.939149850428024 ], [ -3.175847777270844, 55.939235884706832 ], [ -3.176452826592291, 55.939131914108714 ], [ -3.176803841527512, 55.939100891319676 ], [ -3.176718821905888, 55.93903989362709 ], [ -3.176714855314539, 55.939017920783641 ], [ -3.176565887341368, 55.938828883264087 ], [ -3.176809888750748, 55.938777859824043 ], [ -3.176977861185495, 55.939018912380241 ], [ -3.177138942791938, 55.938997878284127 ], [ -3.177152836859693, 55.939072941373098 ], [ -3.177181854069972, 55.939106893062331 ], [ -3.17734990351263, 55.93908489372113 ], [ -3.177623923207973, 55.939039870601825 ], [ -3.177766981714002, 55.939181887347168 ], [ -3.177975914643083, 55.939188963760536 ], [ -3.178267952654432, 55.93911995941226 ], [ -3.178353036444555, 55.938969921930756 ], [ -3.178641117541332, 55.938948928940981 ], [ -3.178800125126298, 55.938937884716836 ], [ -3.178918051111984, 55.938999913725034 ], [ -3.178932110954043, 55.939062936521402 ], [ -3.179159089743703, 55.939159947499775 ], [ -3.179268147178311, 55.939016956946666 ], [ -3.179339161496084, 55.938994895366235 ], [ -3.179433175403457, 55.938899933232129 ], [ -3.179859128695365, 55.938871867756177 ], [ -3.180003258626892, 55.938896900343003 ], [ -3.180116180241631, 55.938928879828275 ], [ -3.180206183600816, 55.938979945092854 ], [ -3.18037428411997, 55.939102942474079 ], [ -3.180432234420161, 55.939193933977577 ], [ -3.180298226759733, 55.939223966520579 ], [ -3.180303200204339, 55.939239910350487 ], [ -3.18018326843413, 55.939263968339809 ], [ -3.180061126743336, 55.939362973718914 ], [ -3.179614142282578, 55.939428973907674 ], [ -3.179402108757469, 55.939471970673438 ], [ -3.179530135467523, 55.939748978721973 ], [ -3.179644114713187, 55.939820028802302 ], [ -3.179868107800626, 55.94035710204956 ], [ -3.17992120000127, 55.940527109414141 ], [ -3.180001155109172, 55.940508106238525 ], [ -3.180282190602732, 55.940802065172583 ], [ -3.18120523505482, 55.940605095150254 ], [ -3.181284256390621, 55.940577116118149 ], [ -3.181494319479444, 55.940647063585622 ], [ -3.181482324378806, 55.940782117891146 ], [ -3.181553307157321, 55.941006126384266 ], [ -3.181653318125856, 55.941121150369277 ], [ -3.181876365375457, 55.941110116913201 ], [ -3.182313405243994, 55.941250206563502 ], [ -3.182733404158506, 55.941381204763594 ], [ -3.183299405412439, 55.94154619632085 ], [ -3.183670542203232, 55.941659243454318 ], [ -3.184349578247082, 55.941859259857452 ], [ -3.18488259781247, 55.942007311989641 ], [ -3.185140570174225, 55.942076253529848 ], [ -3.186263748638755, 55.942146300780728 ], [ -3.186664735835559, 55.94215133367107 ], [ -3.187610909445196, 55.942205374828355 ], [ -3.188140923977928, 55.942263332596582 ], [ -3.188353910041694, 55.942432333569151 ], [ -3.188628926141198, 55.942501372984644 ], [ -3.188900955672127, 55.942507373069049 ], [ -3.189302101360493, 55.942530363827856 ], [ -3.189448044976495, 55.942592381946831 ], [ -3.18976908256498, 55.942616414009123 ], [ -3.189639110361683, 55.943075402769459 ], [ -3.189645060936499, 55.943282426054346 ], [ -3.18963898839384, 55.943605458750326 ], [ -3.189614044364928, 55.943812510781115 ], [ -3.189637061797975, 55.94404650088228 ], [ -3.189718989232944, 55.944117581687927 ], [ -3.189720104828535, 55.944162580649554 ], [ -3.189678079785187, 55.944333592167233 ], [ -3.189760005154648, 55.94440458312615 ], [ -3.189715963190606, 55.945069643060457 ], [ -3.189775020037938, 55.945419627622563 ], [ -3.189025917576719, 55.945525682252679 ] ] ] } },
{ "type": "Feature", "properties": { "name": "EH1", "area": 2.6803363646863354, "distance": 1.0 }, "geometry": { "type": "Polygon", "coordinates": [ [ [ -3.208285451417471, 55.949070459955543 ], [ -3.208058172005389, 55.949298815475075 ], [ -3.207851649096232, 55.949489863207781 ], [ -3.20696356284907, 55.949671237327763 ], [ -3.206713968917602, 55.949891543576214 ], [ -3.206271963709803, 55.950047970160696 ], [ -3.205705318055241, 55.949967179645718 ], [ -3.205580560765499, 55.949721789739911 ], [ -3.203994577104185, 55.950082550660156 ], [ -3.203752456877558, 55.950191106807502 ], [ -3.203529330778923, 55.950022320957686 ], [ -3.20304219610751, 55.949784240579547 ], [ -3.202505258039435, 55.949511247410008 ], [ -3.202164168856441, 55.949379186802958 ], [ -3.201984155286888, 55.949246183054242 ], [ -3.201130072357967, 55.949605245917212 ], [ -3.199620920534072, 55.949979216434691 ], [ -3.197135600126138, 55.950426262071581 ], [ -3.194967378568616, 55.950743239106934 ], [ -3.194775312281222, 55.950754265118782 ], [ -3.194589262242041, 55.950433184771235 ], [ -3.194490361667743, 55.950326245942605 ], [ -3.194200264478323, 55.950284227588881 ], [ -3.193831237817852, 55.950269206460732 ], [ -3.19351022965593, 55.950218232457239 ], [ -3.193031218883581, 55.950268150190723 ], [ -3.192156086078765, 55.950474177293039 ], [ -3.192145984327123, 55.950476341334969 ], [ -3.191160886255577, 55.950688186606662 ], [ -3.190707874435097, 55.950785189466274 ], [ -3.189943807738467, 55.950936223659568 ], [ -3.190252809611437, 55.951607306646935 ], [ -3.190717850398107, 55.952663371531806 ], [ -3.190704880496198, 55.952761422102171 ], [ -3.190020792305951, 55.952903418469845 ], [ -3.189654924951655, 55.952962022732564 ], [ -3.189425200586395, 55.95248180123528 ], [ -3.189175617982294, 55.952525356514862 ], [ -3.188516559456667, 55.952596399184451 ], [ -3.188355557140805, 55.952617357245394 ], [ -3.187707522033207, 55.952716409076416 ], [ -3.187979502257293, 55.953201437008104 ], [ -3.187853503009476, 55.953274433465054 ], [ -3.187503469059602, 55.953341413444711 ], [ -3.187665544121227, 55.953411453727128 ], [ -3.188207557821892, 55.953334446967055 ], [ -3.188352522526464, 55.95363050818159 ], [ -3.188395498284649, 55.953718495957055 ], [ -3.188445498886418, 55.953781440552113 ], [ -3.188618542330769, 55.953752460375028 ], [ -3.188936622791569, 55.953935539733031 ], [ -3.188995598666907, 55.953959496952415 ], [ -3.189085583429538, 55.953939492876493 ], [ -3.189285594016147, 55.953997485849456 ], [ -3.18940569438512, 55.954257580428255 ], [ -3.188992553780783, 55.954368566201431 ], [ -3.188275533398986, 55.954501527073553 ], [ -3.188992576175087, 55.954890624083006 ], [ -3.189040630253817, 55.954898605366161 ], [ -3.189104552617438, 55.954898617470128 ], [ -3.189535566120391, 55.954840554065008 ], [ -3.189647644253373, 55.954847557740919 ], [ -3.189776706674964, 55.954891590951163 ], [ -3.189777656505099, 55.954909639548077 ], [ -3.189794607737142, 55.954945591425073 ], [ -3.189827630599094, 55.954971595610296 ], [ -3.189891696564278, 55.954980589883831 ], [ -3.189955720779861, 55.95497961232752 ], [ -3.190035712058606, 55.954969586427197 ], [ -3.190552691151123, 55.955117679837706 ], [ -3.190966775870675, 55.955041627364629 ], [ -3.191082719369284, 55.955148673754145 ], [ -3.190556702496818, 55.955252670067672 ], [ -3.190775662492881, 55.955600659631308 ], [ -3.190887738300501, 55.955581698557403 ], [ -3.1909517938104, 55.955581708422351 ], [ -3.190984697668646, 55.955616697416012 ], [ -3.190969798536527, 55.95563471949211 ], [ -3.190921766549876, 55.95564470667 ], [ -3.190986789089917, 55.955697712560372 ], [ -3.191084805109196, 55.955732701129882 ], [ -3.191245802276808, 55.955775705448623 ], [ -3.191441765161541, 55.955890692432078 ], [ -3.191924773871214, 55.95598574382295 ], [ -3.192168904093094, 55.956090740786451 ], [ -3.192405827677299, 55.956519768773568 ], [ -3.192173799343447, 55.956782818053441 ], [ -3.192081803847303, 55.956900858844051 ], [ -3.191964828842976, 55.956923821312223 ], [ -3.192057779438053, 55.957038815390078 ], [ -3.192030857880575, 55.957043837292638 ], [ -3.191801805601148, 55.95708585154631 ], [ -3.191848813673203, 55.957162838701073 ], [ -3.191504793529198, 55.957417895872318 ], [ -3.191244719449497, 55.957292837781395 ], [ -3.191026646898669, 55.957412904916175 ], [ -3.190583615396845, 55.957656877791017 ], [ -3.190572653278679, 55.957656893852409 ], [ -3.190562656299242, 55.957610902709625 ], [ -3.189866517613925, 55.957728847223613 ], [ -3.18977048092595, 55.957749898475484 ], [ -3.189810552258888, 55.957798923396219 ], [ -3.189818571796347, 55.957814927260102 ], [ -3.189912604353288, 55.957973933874285 ], [ -3.189944524898626, 55.957963922994921 ], [ -3.189956577192544, 55.957977911440643 ], [ -3.189844535123861, 55.957993906589529 ], [ -3.189814481972044, 55.957995903690275 ], [ -3.189801483177764, 55.957976893351436 ], [ -3.189776533903208, 55.957942905330917 ], [ -3.189691477729156, 55.957955944625986 ], [ -3.189645495406276, 55.957920901863709 ], [ -3.189639546868468, 55.95789490580291 ], [ -3.18960752484292, 55.957849935751703 ], [ -3.189596537119458, 55.957831894214813 ], [ -3.188527358587815, 55.958021889130869 ], [ -3.188513443348295, 55.958110874669856 ], [ -3.188460447375499, 55.958277948313686 ], [ -3.188533421633141, 55.958361963293456 ], [ -3.188553341522546, 55.958399953004367 ], [ -3.189180440529714, 55.958523991316511 ], [ -3.189368461112847, 55.958564940571108 ], [ -3.189415432671767, 55.958559007039717 ], [ -3.189508489547842, 55.958668970949915 ], [ -3.189541538199298, 55.958712942879608 ], [ -3.189652524342076, 55.958838994590621 ], [ -3.189690545312676, 55.958846982650918 ], [ -3.189581442256345, 55.958945960944256 ], [ -3.189525407447475, 55.958988007684667 ], [ -3.189444465030438, 55.959018975004085 ], [ -3.189169426874854, 55.959134018461285 ], [ -3.188978381796858, 55.959140982561919 ], [ -3.188708322513865, 55.959215998336852 ], [ -3.188494295116242, 55.95902904005797 ], [ -3.188382304102365, 55.959020956360611 ], [ -3.188176286618959, 55.959103978019996 ], [ -3.188095315044454, 55.95907798644722 ], [ -3.187667261411626, 55.959217051270386 ], [ -3.187175175450183, 55.959383054399652 ], [ -3.187176143143889, 55.959418980895087 ], [ -3.186907139619449, 55.95952003598709 ], [ -3.186809225486902, 55.959466985356734 ], [ -3.186205141427027, 55.959599025619525 ], [ -3.186174052241721, 55.959606062809669 ], [ -3.185957078649875, 55.959452009811081 ], [ -3.185871075340666, 55.959391027786488 ], [ -3.185842014776334, 55.959378011159423 ], [ -3.185808996259949, 55.959404022962239 ], [ -3.185721077873877, 55.959505039923378 ], [ -3.185575026519153, 55.959583976497534 ], [ -3.185390990434959, 55.959682054706356 ], [ -3.185361013343375, 55.959760054211429 ], [ -3.184706958135896, 55.959865076796945 ], [ -3.184655882868476, 55.959767013818151 ], [ -3.183623831259821, 55.960055072929492 ], [ -3.183472784394144, 55.959832014584272 ], [ -3.18337379781852, 55.95976100364723 ], [ -3.18297878209055, 55.959936029963799 ], [ -3.182913762683964, 55.959908983483714 ], [ -3.182766666112612, 55.959784979327971 ], [ -3.182829732067133, 55.959747989080206 ], [ -3.182779762851601, 55.959686030205482 ], [ -3.182888740184646, 55.959603949077639 ], [ -3.182673772271254, 55.959380964228387 ], [ -3.182737711880469, 55.959389963457149 ], [ -3.182784784279179, 55.959343963084251 ], [ -3.182750673788503, 55.959290925785801 ], [ -3.183017746403664, 55.959108952961145 ], [ -3.182742763143932, 55.958472833411236 ], [ -3.1828187187677, 55.958364836080044 ], [ -3.183079763399128, 55.95800279269357 ], [ -3.183089826983858, 55.957795795684461 ], [ -3.182829830410529, 55.957663801582662 ], [ -3.182167703565461, 55.957498740945759 ], [ -3.182045705179145, 55.957508805252708 ], [ -3.182016716750034, 55.957545737807472 ], [ -3.181850140325635, 55.957505919344214 ], [ -3.181673327639596, 55.957676333401267 ], [ -3.180412302899768, 55.957231674141021 ], [ -3.180054771686458, 55.957131962388331 ], [ -3.180235306790461, 55.956801600715352 ], [ -3.180240510083118, 55.956807659970018 ], [ -3.180862574311313, 55.956711681806304 ], [ -3.181303734153162, 55.956482675408928 ], [ -3.18177572365237, 55.956190663777278 ], [ -3.181963737285888, 55.956045656494766 ], [ -3.182152814350457, 55.95593558629124 ], [ -3.182277767009132, 55.955853621882142 ], [ -3.182592881937925, 55.95568861773485 ], [ -3.182750827215011, 55.955588547999696 ], [ -3.182954949998715, 55.955469617697574 ], [ -3.183080952989209, 55.955387552529629 ], [ -3.183205879368438, 55.955287529655301 ], [ -3.183252958957036, 55.955250602771166 ], [ -3.183283008328359, 55.955196590195065 ], [ -3.183359999728528, 55.955079508693295 ], [ -3.183452030319608, 55.954970547955512 ], [ -3.183529013327172, 55.954870535936386 ], [ -3.183621020349557, 55.954717553903386 ], [ -3.183664026967982, 55.95456450341225 ], [ -3.18384603965075, 55.954608483398907 ], [ -3.183950012043244, 55.954462483485436 ], [ -3.184077003819705, 55.954313477274539 ], [ -3.184141004139004, 55.954294445209023 ], [ -3.184230036097218, 55.954234475239943 ], [ -3.184070010258868, 55.954218494198415 ], [ -3.184022077214779, 55.954201436025514 ], [ -3.18400500971702, 55.95417446845466 ], [ -3.183923104152637, 55.954130425407271 ], [ -3.183891012927738, 55.954130464187841 ], [ -3.183810998903537, 55.954122428565007 ], [ -3.183650029351579, 55.954114451768653 ], [ -3.183648960502153, 55.954079424600913 ], [ -3.183688839582802, 55.954070596640719 ], [ -3.183082250184014, 55.954100768084032 ], [ -3.18203749991305, 55.953954562556135 ], [ -3.180957810892584, 55.953627836025035 ], [ -3.179962821027989, 55.953193469925587 ], [ -3.179957711159187, 55.953190464308427 ], [ -3.179955199936983, 55.953190398513911 ], [ -3.181106042762471, 55.952935639078255 ], [ -3.183239430887947, 55.952603430005112 ], [ -3.183242720520933, 55.952603039060477 ], [ -3.18431202591547, 55.954060656291666 ], [ -3.184415777246027, 55.954041601414069 ], [ -3.184502455285535, 55.954025675261313 ], [ -3.185256808663306, 55.953886897080075 ], [ -3.185498936651061, 55.954018159549051 ], [ -3.18637761947008, 55.953976283237843 ], [ -3.186118880575537, 55.953733781246612 ], [ -3.186050694471921, 55.953667686687886 ], [ -3.185246464024392, 55.953764455363292 ], [ -3.185030291167791, 55.953618119286446 ], [ -3.184988915362576, 55.953534696811005 ], [ -3.18607295413551, 55.953397953615379 ], [ -3.185987481979339, 55.953323670308777 ], [ -3.185556594404916, 55.95313052861885 ], [ -3.185185836574971, 55.952986129100189 ], [ -3.184538027429005, 55.952885448576716 ], [ -3.184333627615776, 55.952869265551499 ], [ -3.184025112421466, 55.95234523109049 ], [ -3.183988479796615, 55.952282964853993 ], [ -3.183988347774094, 55.952282966122439 ], [ -3.183431294692081, 55.95238624211995 ], [ -3.182382961110666, 55.950985823560885 ], [ -3.182666887280035, 55.950929644390207 ], [ -3.182830569510966, 55.950892766402148 ], [ -3.182763265148647, 55.950811927890726 ], [ -3.182719080133453, 55.950714067443535 ], [ -3.182672026196693, 55.950600063384428 ], [ -3.182410993770335, 55.950636078519494 ], [ -3.182307067125147, 55.950649114189879 ], [ -3.182296005295042, 55.950611128328489 ], [ -3.182320049427285, 55.950607124374422 ], [ -3.182314003180207, 55.95059505403843 ], [ -3.182385973398636, 55.95058205547177 ], [ -3.182364001913712, 55.950537076965531 ], [ -3.182324011184113, 55.950542132326845 ], [ -3.182274052099483, 55.950480083287317 ], [ -3.182066940240509, 55.95050012794777 ], [ -3.18189601191262, 55.950169091403232 ], [ -3.181689986249068, 55.950216076902251 ], [ -3.181606010813804, 55.950082032909393 ], [ -3.181827040463217, 55.949990073684702 ], [ -3.181541748837682, 55.949576313056966 ], [ -3.181879658008866, 55.949528242621852 ], [ -3.181725985061301, 55.949316976212216 ], [ -3.181915071435204, 55.949294948830257 ], [ -3.182492073511072, 55.949227962885018 ], [ -3.182359047712809, 55.949182971940225 ], [ -3.18233801105153, 55.949107978018382 ], [ -3.182299053554335, 55.949016895064318 ], [ -3.18225109100247, 55.948950963751123 ], [ -3.182236055880678, 55.948929905848061 ], [ -3.181750955237491, 55.949091958019217 ], [ -3.181604967819425, 55.949119950501021 ], [ -3.181337964838202, 55.948950916823669 ], [ -3.181441979187255, 55.948914882161702 ], [ -3.181521026686587, 55.94889588681238 ], [ -3.181712023678786, 55.948849944070886 ], [ -3.181579020850764, 55.948679895315628 ], [ -3.182277144139735, 55.948466927364827 ], [ -3.182392077260939, 55.948563929468605 ], [ -3.182646126555905, 55.948489889302763 ], [ -3.182551091156422, 55.948369877212258 ], [ -3.182981208475939, 55.948210865184514 ], [ -3.182975133552318, 55.948145879599402 ], [ -3.183029169440596, 55.948120834606961 ], [ -3.18366922366758, 55.947913806524788 ], [ -3.183551260136957, 55.947708847429567 ], [ -3.184186290163437, 55.947540855273232 ], [ -3.184489310224472, 55.947483859353724 ], [ -3.184453394978976, 55.947349804429862 ], [ -3.184610358925875, 55.947244800229385 ], [ -3.184858426769686, 55.94751579730665 ], [ -3.184980410031695, 55.947847839678744 ], [ -3.185069429834992, 55.948133841672679 ], [ -3.186184559730451, 55.947934898029331 ], [ -3.186931634318508, 55.94774784512061 ], [ -3.186812584601163, 55.947533825707808 ], [ -3.186859662158665, 55.947505881323998 ], [ -3.186789592540558, 55.947308819010708 ], [ -3.18660853961241, 55.947139777370033 ], [ -3.18655266723616, 55.94688876421629 ], [ -3.186594663281783, 55.946681728473514 ], [ -3.186785623781398, 55.94664377384909 ], [ -3.187070627115679, 55.946524775953748 ], [ -3.187383741276848, 55.946314768383509 ], [ -3.187539731118219, 55.946169701237139 ], [ -3.187930849960377, 55.945859667523372 ], [ -3.188341865319055, 55.945703695487083 ], [ -3.189025917576719, 55.945525682252679 ], [ -3.189775020037938, 55.945419627622563 ], [ -3.190588027662242, 55.945313669672132 ], [ -3.191578204784293, 55.946264755041831 ], [ -3.19177717487418, 55.946487789589817 ], [ -3.192254233727988, 55.946375816060062 ], [ -3.192603252152022, 55.946767823446649 ], [ -3.193101253878025, 55.946825890353786 ], [ -3.193291374392929, 55.946760802132687 ], [ -3.193408314444421, 55.946930904259659 ], [ -3.193757421128254, 55.946818816485823 ], [ -3.194280458803608, 55.946634877172613 ], [ -3.194314451323626, 55.94669680669238 ], [ -3.194283462413301, 55.946723879309609 ], [ -3.194415389972439, 55.946848825498684 ], [ -3.195175479896554, 55.946571846112398 ], [ -3.195157588028286, 55.946526830223576 ], [ -3.195665599615667, 55.946369802977351 ], [ -3.195582544590169, 55.946279780805924 ], [ -3.1954195486425, 55.946200775892535 ], [ -3.195226502228871, 55.946157818508226 ], [ -3.195128585520014, 55.946086806555634 ], [ -3.195816596243753, 55.9460808502308 ], [ -3.196215722573228, 55.946049844535487 ], [ -3.196269712246992, 55.946237804374043 ], [ -3.196110675343714, 55.946265851016072 ], [ -3.196079583717486, 55.946293823490706 ], [ -3.196095688712717, 55.946310826569281 ], [ -3.196113594429723, 55.946364826177515 ], [ -3.196161656930018, 55.94636480881924 ], [ -3.196163613510058, 55.946436841372318 ], [ -3.196211645641085, 55.946435836051656 ], [ -3.196245674285211, 55.946498842783129 ], [ -3.196628681762422, 55.946458828592867 ], [ -3.196627718793373, 55.946431885992915 ], [ -3.196708759714217, 55.946430829435961 ], [ -3.196706724902293, 55.946394823422011 ], [ -3.19680266144464, 55.946375833848165 ], [ -3.19680073692634, 55.946304879065039 ], [ -3.197231786905099, 55.946272841299376 ], [ -3.197742871148779, 55.946232836897778 ], [ -3.197920882698159, 55.946207837910315 ], [ -3.198029912348197, 55.946193840957328 ], [ -3.198268894517229, 55.946137882777457 ], [ -3.198547968589716, 55.946071831460308 ], [ -3.199111004061387, 55.945922789454848 ], [ -3.19932303536689, 55.946045872838681 ], [ -3.199600072948997, 55.946195903857458 ], [ -3.199107002154703, 55.946335912137208 ], [ -3.198613960121647, 55.946412850558275 ], [ -3.198628891639589, 55.946579897296431 ], [ -3.198672865071588, 55.946780890503938 ], [ -3.198697875026088, 55.946833922245148 ], [ -3.198723839596743, 55.946887932932896 ], [ -3.199252914924454, 55.946882964509932 ], [ -3.199766066974039, 55.946913905123878 ], [ -3.199804963225287, 55.947146930377627 ], [ -3.200351115088571, 55.947377980007474 ], [ -3.200571060386664, 55.947205950038331 ], [ -3.200688148454269, 55.947238948325833 ], [ -3.201045197032563, 55.946901983032184 ], [ -3.201047146501661, 55.946900975791806 ], [ -3.201203104163198, 55.946764965245841 ], [ -3.201328130900631, 55.946789979623432 ], [ -3.201442156143297, 55.946834955759527 ], [ -3.201476245039654, 55.94683992393135 ], [ -3.201415245325463, 55.94688696592268 ], [ -3.201803244173765, 55.947037976431034 ], [ -3.20190821855115, 55.946939925462132 ], [ -3.202243321081898, 55.946870983424148 ], [ -3.20261330732126, 55.946853986839635 ], [ -3.202679319810745, 55.946874993970241 ], [ -3.202524234527089, 55.947021958362129 ], [ -3.202526333058433, 55.947110969225434 ], [ -3.202476307676642, 55.947166978474847 ], [ -3.202726292067542, 55.947270010755666 ], [ -3.202934379924957, 55.947358987325742 ], [ -3.203022347554323, 55.947330008633898 ], [ -3.203143366810469, 55.947246982900836 ], [ -3.203277313387209, 55.947120977171259 ], [ -3.203334383279197, 55.94705798112264 ], [ -3.203403336096267, 55.946994958835425 ], [ -3.203613432398372, 55.947038006451102 ], [ -3.203967408550974, 55.947088003090364 ], [ -3.204429438812735, 55.94708402687246 ], [ -3.204555464586832, 55.947375044241795 ], [ -3.204645885106763, 55.947374070462644 ], [ -3.20492720225153, 55.948264688093637 ], [ -3.205822661317904, 55.94808334618363 ], [ -3.205898643666217, 55.948055381121712 ], [ -3.205898788824987, 55.948060051377482 ], [ -3.205921357259008, 55.948055428357087 ], [ -3.206104170162399, 55.94812955386584 ], [ -3.206794789338196, 55.948295464531377 ], [ -3.207374203542369, 55.948485999080262 ], [ -3.207804016811352, 55.94812952447797 ], [ -3.207885866302369, 55.948133124338632 ], [ -3.20800685632316, 55.948185123535474 ], [ -3.208258902285233, 55.948256141452447 ], [ -3.208329900207327, 55.948297131005624 ], [ -3.208545841536654, 55.948417195635336 ], [ -3.208596900453247, 55.948441221160039 ], [ -3.208654879320275, 55.94847119806596 ], [ -3.208752942920015, 55.948533213968403 ], [ -3.208769943235403, 55.948587220698727 ], [ -3.208982070438411, 55.948758530765211 ], [ -3.208285451417471, 55.949070459955543 ] ] ] } },
{ "type": "Feature", "properties": { "name": "EH7", "area": 8.0319274881209406, "distance": 5.8959600407507571 }, "geometry": { "type": "Polygon", "coordinates": [ [ [ -3.205471655177606, 55.971292391006941 ], [ -3.203254420120231, 55.971619419490992 ], [ -3.202920452594129, 55.971676403151555 ], [ -3.201819336333164, 55.97182244224441 ], [ -3.200991270193291, 55.971992403881657 ], [ -3.200528107413271, 55.972050460045644 ], [ -3.200194159878055, 55.972125403984009 ], [ -3.199922063984475, 55.972162461532065 ], [ -3.199411965131877, 55.97223246982707 ], [ -3.198453972340719, 55.972367473143152 ], [ -3.197799814497323, 55.972436449601602 ], [ -3.197195804880697, 55.972101376568325 ], [ -3.197052780520794, 55.972129358076714 ], [ -3.196002671715005, 55.971330277400092 ], [ -3.195907626388738, 55.97136731503916 ], [ -3.194777593983386, 55.971630273139255 ], [ -3.195758665134316, 55.972770435578319 ], [ -3.195208548788043, 55.972614419151419 ], [ -3.194884472579461, 55.972491426429556 ], [ -3.194138532371233, 55.97219338054154 ], [ -3.193420433777238, 55.971769285410765 ], [ -3.193142406447604, 55.97159229800657 ], [ -3.192782390100674, 55.971344231834578 ], [ -3.192651371447961, 55.97126428473026 ], [ -3.191326252738091, 55.970369181606259 ], [ -3.188133947002705, 55.968180870363931 ], [ -3.187946979837069, 55.968343934238447 ], [ -3.188099894684389, 55.968638930485582 ], [ -3.188308982045785, 55.969175951450595 ], [ -3.188343004532879, 55.969760028847055 ], [ -3.188363958669246, 55.96992207680578 ], [ -3.188161858539605, 55.970139100621935 ], [ -3.187783858966091, 55.970359076970233 ], [ -3.186492778588979, 55.969544000750155 ], [ -3.185709655482973, 55.969075926779695 ], [ -3.185147577263896, 55.968745962020165 ], [ -3.184659542279806, 55.968983966400799 ], [ -3.184212745216773, 55.968958882305763 ], [ -3.183121205013113, 55.969392417896664 ], [ -3.183074420179665, 55.96935297827973 ], [ -3.183197466783614, 55.969189906679986 ], [ -3.183191435285657, 55.969000942566609 ], [ -3.184218483440683, 55.968523914756858 ], [ -3.184217525587173, 55.968496882306312 ], [ -3.184880693005032, 55.968157833858982 ], [ -3.184944657969152, 55.968175815704072 ], [ -3.185227615664536, 55.968001861280705 ], [ -3.185670747136017, 55.967790789110538 ], [ -3.186318754586953, 55.967496798297717 ], [ -3.186677913637891, 55.967205764968661 ], [ -3.186713909959322, 55.967173255887332 ], [ -3.184446915203492, 55.965656921031517 ], [ -3.183377541564842, 55.966168676396251 ], [ -3.183148479253823, 55.966017609401177 ], [ -3.183576603986215, 55.965860592333776 ], [ -3.183198583840619, 55.965568560278513 ], [ -3.183120552289198, 55.965604616217135 ], [ -3.183054599168043, 55.96555161515947 ], [ -3.182418440015795, 55.965198541760678 ], [ -3.181404414722425, 55.96556753323366 ], [ -3.181263376952924, 55.965521539658155 ], [ -3.181040386914327, 55.965313542264866 ], [ -3.179943148124362, 55.965722578761515 ], [ -3.179613233671676, 55.965434567282514 ], [ -3.179490156176741, 55.965327488708255 ], [ -3.179271087552021, 55.965139484814834 ], [ -3.17898010201789, 55.964871492729301 ], [ -3.178471130216818, 55.964472442478908 ], [ -3.178321041304659, 55.964341364389909 ], [ -3.17799408886113, 55.964054398392719 ], [ -3.177692032427211, 55.964156377781983 ], [ -3.177609954743831, 55.964085380370832 ], [ -3.177593969665367, 55.964085353420614 ], [ -3.177451924654123, 55.964149418362943 ], [ -3.177243933617005, 55.964160389106105 ], [ -3.177192021562305, 55.964121355617984 ], [ -3.177510953854987, 55.963870352409884 ], [ -3.177623326050209, 55.96378186508236 ], [ -3.176792030195579, 55.963455782289948 ], [ -3.176679949149776, 55.963571307726077 ], [ -3.17657285160597, 55.963681305280971 ], [ -3.176328873822443, 55.963616344411662 ], [ -3.176257847373563, 55.963587285454373 ], [ -3.176140924938631, 55.963556328611546 ], [ -3.176098827485507, 55.963466262099004 ], [ -3.17607684237423, 55.963438262329632 ], [ -3.176051892029791, 55.963408314384772 ], [ -3.176032921975538, 55.963327280619922 ], [ -3.17603183794618, 55.963300249318166 ], [ -3.176078812637428, 55.963246256830601 ], [ -3.176265964368672, 55.96304924992441 ], [ -3.176112832845603, 55.962778228497882 ], [ -3.176047854347414, 55.962761240025401 ], [ -3.176030917864245, 55.962734180305823 ], [ -3.176045950429008, 55.962707174896885 ], [ -3.176044833315502, 55.962644208163304 ], [ -3.175720877215284, 55.962738216356733 ], [ -3.175529868827085, 55.962773189027914 ], [ -3.175297823617773, 55.9628401761832 ], [ -3.175170812549105, 55.962877233184223 ], [ -3.175058718593156, 55.962905253739244 ], [ -3.17486779057003, 55.962934205373671 ], [ -3.17470880156677, 55.962962223425031 ], [ -3.174294638103231, 55.962952245070277 ], [ -3.173922642530285, 55.962943211283921 ], [ -3.173585611337804, 55.962937167504826 ], [ -3.173488651807478, 55.962902244823354 ], [ -3.17343866838713, 55.962848188243932 ], [ -3.173273630494378, 55.962842212926006 ], [ -3.173276563819482, 55.962760161696238 ], [ -3.172901610355614, 55.962557189893104 ], [ -3.17217342316004, 55.962843158449296 ], [ -3.171461466615031, 55.962827198147671 ], [ -3.171171363116745, 55.962529173185061 ], [ -3.170957308160183, 55.962632186424536 ], [ -3.170735328820697, 55.96272215802027 ], [ -3.170343349961853, 55.962716178119784 ], [ -3.169858275830196, 55.962698143790725 ], [ -3.169674219601661, 55.962587142370154 ], [ -3.169489214141043, 55.962554130185701 ], [ -3.169219149106572, 55.962552110681088 ], [ -3.169169118468353, 55.962575134952033 ], [ -3.169126109624412, 55.962682092321678 ], [ -3.169097126920009, 55.962759179826897 ], [ -3.168936154038444, 55.962752171914303 ], [ -3.168832128028449, 55.96276313064287 ], [ -3.16843802955409, 55.962770101637588 ], [ -3.16840105993865, 55.963130168538719 ], [ -3.16832401481915, 55.963769206831223 ], [ -3.167086862979947, 55.964176220455649 ], [ -3.166819840384168, 55.964271283035032 ], [ -3.164644687876233, 55.962689124217356 ], [ -3.164146666263826, 55.962838111037158 ], [ -3.164261621471519, 55.962927133921063 ], [ -3.164129788640509, 55.962962338410726 ], [ -3.163879619307184, 55.963029115785417 ], [ -3.164271591088885, 55.963259175325838 ], [ -3.164296654028034, 55.963315177917252 ], [ -3.16413665765872, 55.963477142058309 ], [ -3.164134949010224, 55.96348182983575 ], [ -3.163175511413114, 55.963926518459637 ], [ -3.163169528158484, 55.963925227337882 ], [ -3.162543377966493, 55.963868157666653 ], [ -3.16135626064321, 55.96383514827366 ], [ -3.16110219240918, 55.963891175985516 ], [ -3.160703273511446, 55.963958180149078 ], [ -3.160275169228547, 55.964096161178276 ], [ -3.159642068956051, 55.964363191999716 ], [ -3.159287100558312, 55.964535159322459 ], [ -3.15877300169695, 55.96478417648386 ], [ -3.158479905156508, 55.964918186651694 ], [ -3.157761850975109, 55.965243233622054 ], [ -3.157142534345334, 55.965520927819469 ], [ -3.156873, 55.965299 ], [ -3.155494, 55.963994 ], [ -3.154264, 55.962643 ], [ -3.153189, 55.961252 ], [ -3.152271, 55.959825 ], [ -3.151515, 55.958369 ], [ -3.150924, 55.956889 ], [ -3.150501, 55.955391 ], [ -3.150461655162806, 55.9551581711399 ], [ -3.15076644173712, 55.955181183461868 ], [ -3.15077648883578, 55.955208221071906 ], [ -3.151197508738842, 55.955234205351729 ], [ -3.151205557827215, 55.95521616232795 ], [ -3.152323696286111, 55.955328252934521 ], [ -3.152790746451248, 55.95541426314368 ], [ -3.152824675027083, 55.95545823648304 ], [ -3.153256698454241, 55.955463268121257 ], [ -3.153530707529535, 55.955515236030003 ], [ -3.156376094089016, 55.955299278459584 ], [ -3.157546195612977, 55.955324229133581 ], [ -3.15852433575192, 55.955360316722093 ], [ -3.159856474150881, 55.955455323995061 ], [ -3.160867518362101, 55.955518304629543 ], [ -3.161075604913722, 55.955516344325964 ], [ -3.16168861408299, 55.95557138855888 ], [ -3.161757650368684, 55.955389352241539 ], [ -3.16185768766685, 55.955078283892838 ], [ -3.161878641810584, 55.955050325994421 ], [ -3.162119732584853, 55.955083269751533 ], [ -3.162376692567942, 55.955099263410204 ], [ -3.162664788588118, 55.955105349981714 ], [ -3.162873799529494, 55.955112272000321 ], [ -3.163434848384961, 55.955152345459233 ], [ -3.163242798383584, 55.955693373934409 ], [ -3.164542987264601, 55.955770394840471 ], [ -3.164565861622152, 55.956004389794039 ], [ -3.16463292151827, 55.956623467675264 ], [ -3.164435811736265, 55.956850467545166 ], [ -3.164183798889014, 55.957140513884838 ], [ -3.165209930267175, 55.957277523882432 ], [ -3.165567029240081, 55.957324546926181 ], [ -3.165787047222543, 55.957187527218878 ], [ -3.165866005190619, 55.95715156327973 ], [ -3.166040096227283, 55.957068521809155 ], [ -3.166211002737556, 55.95692352108847 ], [ -3.166351114136964, 55.956751500416964 ], [ -3.167292224484601, 55.956095477239948 ], [ -3.167744250690819, 55.956207447014862 ], [ -3.167839201010442, 55.956154440450845 ], [ -3.167878293019571, 55.956189466704323 ], [ -3.167942268947225, 55.956239439971803 ], [ -3.168026322764772, 55.956289492432539 ], [ -3.167965241758632, 55.956322503336544 ], [ -3.168075308610213, 55.956385515614301 ], [ -3.168190309310119, 55.956375531469426 ], [ -3.168265271060739, 55.956417494571937 ], [ -3.168413356387358, 55.956361468348589 ], [ -3.168479310051845, 55.956402528493562 ], [ -3.169294434893484, 55.956094464223199 ], [ -3.169452409446903, 55.956020464867997 ], [ -3.169746483062492, 55.956224484189427 ], [ -3.169924542591104, 55.956181467850413 ], [ -3.169966478712743, 55.956262554053239 ], [ -3.170007474889899, 55.956312474900813 ], [ -3.170032450817093, 55.956308554365968 ], [ -3.170048486344481, 55.956323495138562 ], [ -3.170239543716779, 55.956273527147914 ], [ -3.17034449301457, 55.956407559124585 ], [ -3.170759577366375, 55.956358517173605 ], [ -3.170778539837663, 55.956448535774435 ], [ -3.171060555541476, 55.956248479133734 ], [ -3.171514611676363, 55.955902504429829 ], [ -3.172496764142245, 55.955515479124884 ], [ -3.173223892249294, 55.955203464255185 ], [ -3.173238906012362, 55.955158401604734 ], [ -3.173760915015469, 55.954955424720559 ], [ -3.17377796803851, 55.954973409865424 ], [ -3.174490023006801, 55.954696388666846 ], [ -3.176547244640584, 55.953868389539139 ], [ -3.177291341711627, 55.953582331545576 ], [ -3.17794438765162, 55.953477357418961 ], [ -3.177977411242435, 55.953486295223399 ], [ -3.178215408709307, 55.953430295962612 ], [ -3.178548538192807, 55.953319303079809 ], [ -3.179858628975181, 55.953189346674662 ], [ -3.179955199936983, 55.953190398513911 ], [ -3.179957711159187, 55.953190464308427 ], [ -3.179962821027989, 55.953193469925587 ], [ -3.180957810892584, 55.953627836025035 ], [ -3.18203749991305, 55.953954562556135 ], [ -3.183082250184014, 55.954100768084032 ], [ -3.183688839582802, 55.954070596640719 ], [ -3.183648960502153, 55.954079424600913 ], [ -3.183650029351579, 55.954114451768653 ], [ -3.183810998903537, 55.954122428565007 ], [ -3.183891012927738, 55.954130464187841 ], [ -3.183923104152637, 55.954130425407271 ], [ -3.18400500971702, 55.95417446845466 ], [ -3.184022077214779, 55.954201436025514 ], [ -3.184070010258868, 55.954218494198415 ], [ -3.184230036097218, 55.954234475239943 ], [ -3.184141004139004, 55.954294445209023 ], [ -3.184077003819705, 55.954313477274539 ], [ -3.183950012043244, 55.954462483485436 ], [ -3.18384603965075, 55.954608483398907 ], [ -3.183664026967982, 55.95456450341225 ], [ -3.183621020349557, 55.954717553903386 ], [ -3.183529013327172, 55.954870535936386 ], [ -3.183452030319608, 55.954970547955512 ], [ -3.183359999728528, 55.955079508693295 ], [ -3.183283008328359, 55.955196590195065 ], [ -3.183252958957036, 55.955250602771166 ], [ -3.183205879368438, 55.955287529655301 ], [ -3.183080952989209, 55.955387552529629 ], [ -3.182954949998715, 55.955469617697574 ], [ -3.182750827215011, 55.955588547999696 ], [ -3.182592881937925, 55.95568861773485 ], [ -3.182277767009132, 55.955853621882142 ], [ -3.182152814350457, 55.95593558629124 ], [ -3.181963737285888, 55.956045656494766 ], [ -3.18177572365237, 55.956190663777278 ], [ -3.181303734153162, 55.956482675408928 ], [ -3.180862574311313, 55.956711681806304 ], [ -3.180240510083118, 55.956807659970018 ], [ -3.180235306790461, 55.956801600715352 ], [ -3.180054771686458, 55.957131962388331 ], [ -3.180412302899768, 55.957231674141021 ], [ -3.181673327639596, 55.957676333401267 ], [ -3.181850140325635, 55.957505919344214 ], [ -3.182016716750034, 55.957545737807472 ], [ -3.182045705179145, 55.957508805252708 ], [ -3.182167703565461, 55.957498740945759 ], [ -3.182829830410529, 55.957663801582662 ], [ -3.183089826983858, 55.957795795684461 ], [ -3.183079763399128, 55.95800279269357 ], [ -3.1828187187677, 55.958364836080044 ], [ -3.182742763143932, 55.958472833411236 ], [ -3.183017746403664, 55.959108952961145 ], [ -3.182750673788503, 55.959290925785801 ], [ -3.182784784279179, 55.959343963084251 ], [ -3.182737711880469, 55.959389963457149 ], [ -3.182673772271254, 55.959380964228387 ], [ -3.182888740184646, 55.959603949077639 ], [ -3.182779762851601, 55.959686030205482 ], [ -3.182829732067133, 55.959747989080206 ], [ -3.182766666112612, 55.959784979327971 ], [ -3.182913762683964, 55.959908983483714 ], [ -3.18297878209055, 55.959936029963799 ], [ -3.18337379781852, 55.95976100364723 ], [ -3.183472784394144, 55.959832014584272 ], [ -3.183623831259821, 55.960055072929492 ], [ -3.184655882868476, 55.959767013818151 ], [ -3.184706958135896, 55.959865076796945 ], [ -3.185361013343375, 55.959760054211429 ], [ -3.185390990434959, 55.959682054706356 ], [ -3.185575026519153, 55.959583976497534 ], [ -3.185721077873877, 55.959505039923378 ], [ -3.185808996259949, 55.959404022962239 ], [ -3.185842014776334, 55.959378011159423 ], [ -3.185871075340666, 55.959391027786488 ], [ -3.185957078649875, 55.959452009811081 ], [ -3.186174052241721, 55.959606062809669 ], [ -3.186205141427027, 55.959599025619525 ], [ -3.186809225486902, 55.959466985356734 ], [ -3.186907139619449, 55.95952003598709 ], [ -3.187176143143889, 55.959418980895087 ], [ -3.187175175450183, 55.959383054399652 ], [ -3.187667261411626, 55.959217051270386 ], [ -3.188095315044454, 55.95907798644722 ], [ -3.188176286618959, 55.959103978019996 ], [ -3.188382304102365, 55.959020956360611 ], [ -3.188494295116242, 55.95902904005797 ], [ -3.188708322513865, 55.959215998336852 ], [ -3.188978381796858, 55.959140982561919 ], [ -3.189169426874854, 55.959134018461285 ], [ -3.189466496312863, 55.959397076814739 ], [ -3.189746496487076, 55.959646104591442 ], [ -3.189699508151343, 55.959673060862606 ], [ -3.189832452785522, 55.959843101505832 ], [ -3.189967529775311, 55.960048158849965 ], [ -3.190078548149222, 55.96002013500803 ], [ -3.190208564237682, 55.96007314257141 ], [ -3.191233558545751, 55.960593203302174 ], [ -3.191429666157063, 55.96069920498968 ], [ -3.191398541186587, 55.960735172186226 ], [ -3.191674571143157, 55.960867173057942 ], [ -3.191918656576364, 55.960991217018751 ], [ -3.191981715680683, 55.960954222125011 ], [ -3.19209660870889, 55.961052203931636 ], [ -3.192534711672975, 55.961218301454991 ], [ -3.192713785650942, 55.96132428626121 ], [ -3.193105765537945, 55.961545270910641 ], [ -3.193213740442552, 55.961418270499145 ], [ -3.193307845609768, 55.961364264185946 ], [ -3.193578862552676, 55.961307286871858 ], [ -3.193658878241021, 55.961306242416121 ], [ -3.193692799206115, 55.961378324595437 ], [ -3.193963828090727, 55.961330330276532 ], [ -3.194383902477835, 55.961558315734649 ], [ -3.194539847455153, 55.961449266370821 ], [ -3.194649945096844, 55.961391330755752 ], [ -3.195058026574265, 55.961294300639722 ], [ -3.195145019073398, 55.961425341637103 ], [ -3.195266943750883, 55.96158829622096 ], [ -3.195320922987091, 55.961685338527147 ], [ -3.1954919988441, 55.961934331728095 ], [ -3.195505001773335, 55.961953341436477 ], [ -3.19561696146904, 55.961934377290646 ], [ -3.195666021692059, 55.961970376232117 ], [ -3.195748049795547, 55.962077387954643 ], [ -3.195465941427178, 55.962207427363737 ], [ -3.195477039839484, 55.962250352882464 ], [ -3.195492953848467, 55.96231236752481 ], [ -3.195568995447158, 55.962349452379691 ], [ -3.195622936873502, 55.962372377245835 ], [ -3.195457005266652, 55.962457447814629 ], [ -3.195618006839543, 55.962482388745521 ], [ -3.196261015028897, 55.962575422092627 ], [ -3.196599025041834, 55.962617420040537 ], [ -3.196600132003935, 55.962670414664196 ], [ -3.196942151695622, 55.962829433764625 ], [ -3.196705142903225, 55.962948436918396 ], [ -3.196420040948927, 55.963041493627308 ], [ -3.19618096794956, 55.963106522192078 ], [ -3.195623972884403, 55.963228538561516 ], [ -3.195889005780455, 55.963495486018601 ], [ -3.196337044266876, 55.964003582954071 ], [ -3.196569974830659, 55.964261587086618 ], [ -3.196888003176513, 55.964725665008245 ], [ -3.197111990350506, 55.965138728259845 ], [ -3.197296013566508, 55.965476714074924 ], [ -3.19682100712317, 55.966021802270767 ], [ -3.196231934637446, 55.96629578176718 ], [ -3.195376751446004, 55.96664582826115 ], [ -3.19435069352529, 55.96713183469631 ], [ -3.194451674084442, 55.967274868911531 ], [ -3.194586707566164, 55.967506873497037 ], [ -3.194621717624752, 55.967596912737108 ], [ -3.195026761567846, 55.967754967008105 ], [ -3.195304782429883, 55.967940934182494 ], [ -3.193638576290003, 55.968963013908422 ], [ -3.193751558830658, 55.968998035216799 ], [ -3.193886594280477, 55.969230040497628 ], [ -3.195728776069602, 55.970255220157405 ], [ -3.196192711397568, 55.970094218371337 ], [ -3.197139907713493, 55.969765193989865 ], [ -3.197633872447543, 55.970200249801159 ], [ -3.197731971219516, 55.970262184280912 ], [ -3.199177104563337, 55.96981717322528 ], [ -3.199126141470097, 55.96973717279154 ], [ -3.200632235324086, 55.969201172778831 ], [ -3.200902236480296, 55.969144099716104 ], [ -3.201251292318511, 55.969033160449271 ], [ -3.201755307497272, 55.969774185477732 ], [ -3.202102332810602, 55.97013024975076 ], [ -3.203916669523704, 55.969595245747783 ], [ -3.20395259607473, 55.969616186825405 ], [ -3.204019673025373, 55.969738252530369 ], [ -3.204226560647268, 55.969980235831287 ], [ -3.204302678728284, 55.970006264358283 ], [ -3.204347631213063, 55.970007262583543 ], [ -3.204379588534654, 55.969998235892845 ], [ -3.20438370072956, 55.970007269512777 ], [ -3.204753625491582, 55.970321327279734 ], [ -3.204950658223464, 55.970488299795441 ], [ -3.20531367411363, 55.970826320778706 ], [ -3.20536473020889, 55.970934347762395 ], [ -3.205511764000429, 55.971031374065561 ], [ -3.205729711331078, 55.971114410296344 ], [ -3.206047758184529, 55.971259444345755 ], [ -3.205471655177606, 55.971292391006941 ] ] ] } },
{ "type": "Feature", "properties": { "name": "EH6", "area": 6.0293863742179692, "distance": 6.9986211386873922 }, "geometry": { "type": "Polygon", "coordinates": [ [ [ -3.157761850975109, 55.965243233622054 ], [ -3.158479905156508, 55.964918186651694 ], [ -3.15877300169695, 55.96478417648386 ], [ -3.159287100558312, 55.964535159322459 ], [ -3.159642068956051, 55.964363191999716 ], [ -3.160275169228547, 55.964096161178276 ], [ -3.160703273511446, 55.963958180149078 ], [ -3.16110219240918, 55.963891175985516 ], [ -3.16135626064321, 55.96383514827366 ], [ -3.162543377966493, 55.963868157666653 ], [ -3.163169528158484, 55.963925227337882 ], [ -3.163175511413114, 55.963926518459637 ], [ -3.164134949010224, 55.96348182983575 ], [ -3.16413665765872, 55.963477142058309 ], [ -3.164296654028034, 55.963315177917252 ], [ -3.164271591088885, 55.963259175325838 ], [ -3.163879619307184, 55.963029115785417 ], [ -3.164129788640509, 55.962962338410726 ], [ -3.164261621471519, 55.962927133921063 ], [ -3.164146666263826, 55.962838111037158 ], [ -3.164644687876233, 55.962689124217356 ], [ -3.166819840384168, 55.964271283035032 ], [ -3.167086862979947, 55.964176220455649 ], [ -3.16832401481915, 55.963769206831223 ], [ -3.16840105993865, 55.963130168538719 ], [ -3.16843802955409, 55.962770101637588 ], [ -3.168832128028449, 55.96276313064287 ], [ -3.168936154038444, 55.962752171914303 ], [ -3.169097126920009, 55.962759179826897 ], [ -3.169126109624412, 55.962682092321678 ], [ -3.169169118468353, 55.962575134952033 ], [ -3.169219149106572, 55.962552110681088 ], [ -3.169489214141043, 55.962554130185701 ], [ -3.169674219601661, 55.962587142370154 ], [ -3.169858275830196, 55.962698143790725 ], [ -3.170343349961853, 55.962716178119784 ], [ -3.170735328820697, 55.96272215802027 ], [ -3.170957308160183, 55.962632186424536 ], [ -3.171171363116745, 55.962529173185061 ], [ -3.171461466615031, 55.962827198147671 ], [ -3.17217342316004, 55.962843158449296 ], [ -3.172901610355614, 55.962557189893104 ], [ -3.173276563819482, 55.962760161696238 ], [ -3.173273630494378, 55.962842212926006 ], [ -3.17343866838713, 55.962848188243932 ], [ -3.173488651807478, 55.962902244823354 ], [ -3.173585611337804, 55.962937167504826 ], [ -3.173922642530285, 55.962943211283921 ], [ -3.174294638103231, 55.962952245070277 ], [ -3.17470880156677, 55.962962223425031 ], [ -3.17486779057003, 55.962934205373671 ], [ -3.175058718593156, 55.962905253739244 ], [ -3.175170812549105, 55.962877233184223 ], [ -3.175297823617773, 55.9628401761832 ], [ -3.175529868827085, 55.962773189027914 ], [ -3.175720877215284, 55.962738216356733 ], [ -3.176044833315502, 55.962644208163304 ], [ -3.176045950429008, 55.962707174896885 ], [ -3.176030917864245, 55.962734180305823 ], [ -3.176047854347414, 55.962761240025401 ], [ -3.176112832845603, 55.962778228497882 ], [ -3.176265964368672, 55.96304924992441 ], [ -3.176078812637428, 55.963246256830601 ], [ -3.17603183794618, 55.963300249318166 ], [ -3.176032921975538, 55.963327280619922 ], [ -3.176051892029791, 55.963408314384772 ], [ -3.17607684237423, 55.963438262329632 ], [ -3.176098827485507, 55.963466262099004 ], [ -3.176140924938631, 55.963556328611546 ], [ -3.176257847373563, 55.963587285454373 ], [ -3.176328873822443, 55.963616344411662 ], [ -3.17657285160597, 55.963681305280971 ], [ -3.176679949149776, 55.963571307726077 ], [ -3.176792030195579, 55.963455782289948 ], [ -3.177623326050209, 55.96378186508236 ], [ -3.177510953854987, 55.963870352409884 ], [ -3.177192021562305, 55.964121355617984 ], [ -3.177243933617005, 55.964160389106105 ], [ -3.177451924654123, 55.964149418362943 ], [ -3.177593969665367, 55.964085353420614 ], [ -3.177609954743831, 55.964085380370832 ], [ -3.177692032427211, 55.964156377781983 ], [ -3.17799408886113, 55.964054398392719 ], [ -3.178321041304659, 55.964341364389909 ], [ -3.178471130216818, 55.964472442478908 ], [ -3.17898010201789, 55.964871492729301 ], [ -3.179271087552021, 55.965139484814834 ], [ -3.179490156176741, 55.965327488708255 ], [ -3.179613233671676, 55.965434567282514 ], [ -3.179943148124362, 55.965722578761515 ], [ -3.181040386914327, 55.965313542264866 ], [ -3.181263376952924, 55.965521539658155 ], [ -3.181404414722425, 55.96556753323366 ], [ -3.182418440015795, 55.965198541760678 ], [ -3.183054599168043, 55.96555161515947 ], [ -3.183120552289198, 55.965604616217135 ], [ -3.183198583840619, 55.965568560278513 ], [ -3.183576603986215, 55.965860592333776 ], [ -3.183148479253823, 55.966017609401177 ], [ -3.183377541564842, 55.966168676396251 ], [ -3.184446915203492, 55.965656921031517 ], [ -3.186713909959322, 55.967173255887332 ], [ -3.186677913637891, 55.967205764968661 ], [ -3.186318754586953, 55.967496798297717 ], [ -3.185670747136017, 55.967790789110538 ], [ -3.185227615664536, 55.968001861280705 ], [ -3.184944657969152, 55.968175815704072 ], [ -3.184880693005032, 55.968157833858982 ], [ -3.184217525587173, 55.968496882306312 ], [ -3.184218483440683, 55.968523914756858 ], [ -3.183191435285657, 55.969000942566609 ], [ -3.183197466783614, 55.969189906679986 ], [ -3.183074420179665, 55.96935297827973 ], [ -3.183121205013113, 55.969392417896664 ], [ -3.184212745216773, 55.968958882305763 ], [ -3.184659542279806, 55.968983966400799 ], [ -3.185147577263896, 55.968745962020165 ], [ -3.185709655482973, 55.969075926779695 ], [ -3.186492778588979, 55.969544000750155 ], [ -3.187783858966091, 55.970359076970233 ], [ -3.188161858539605, 55.970139100621935 ], [ -3.188363958669246, 55.96992207680578 ], [ -3.188343004532879, 55.969760028847055 ], [ -3.188308982045785, 55.969175951450595 ], [ -3.188099894684389, 55.968638930485582 ], [ -3.187946979837069, 55.968343934238447 ], [ -3.188133947002705, 55.968180870363931 ], [ -3.191326252738091, 55.970369181606259 ], [ -3.192651371447961, 55.97126428473026 ], [ -3.192782390100674, 55.971344231834578 ], [ -3.193142406447604, 55.97159229800657 ], [ -3.193420433777238, 55.971769285410765 ], [ -3.194138532371233, 55.97219338054154 ], [ -3.194884472579461, 55.972491426429556 ], [ -3.195208548788043, 55.972614419151419 ], [ -3.195758665134316, 55.972770435578319 ], [ -3.196325665454089, 55.972972463193123 ], [ -3.197003797648485, 55.973127501142336 ], [ -3.197792880299414, 55.973272473377321 ], [ -3.198453894048446, 55.973373496529724 ], [ -3.198919905776329, 55.973432571258186 ], [ -3.19954899127272, 55.97356058142995 ], [ -3.200085027614724, 55.973798559485424 ], [ -3.200589050393829, 55.97402660533681 ], [ -3.200902058833238, 55.974311671640365 ], [ -3.198937817925441, 55.975049687327356 ], [ -3.197907760563727, 55.975407739486847 ], [ -3.198252766323676, 55.975616766812763 ], [ -3.198135829471053, 55.975659768619444 ], [ -3.197886723512668, 55.975855793554246 ], [ -3.198494719342892, 55.976257844817084 ], [ -3.198309612110261, 55.976329711931903 ], [ -3.195987, 55.976452 ], [ -3.19328, 55.9765 ], [ -3.190572, 55.976452 ], [ -3.187876, 55.97631 ], [ -3.1852, 55.976072 ], [ -3.182557, 55.975742 ], [ -3.179955, 55.975319 ], [ -3.177407, 55.974806 ], [ -3.174921, 55.974204 ], [ -3.172507, 55.973515 ], [ -3.170175, 55.972744 ], [ -3.167935, 55.971892 ], [ -3.165795, 55.970963 ], [ -3.163763, 55.96996 ], [ -3.161847, 55.968888 ], [ -3.160056, 55.967751 ], [ -3.158396, 55.966553 ], [ -3.157142534345334, 55.965520927819469 ], [ -3.157761850975109, 55.965243233622054 ] ] ] } },
{ "type": "Feature", "properties": { "name": "EH3a", "area": 4.1533305610502502, "distance": 5.8964804893726726 }, "geometry": { "type": "Polygon", "coordinates": [ [ [ -3.217738149757881, 55.968449224311556 ], [ -3.217621052502374, 55.968456310552718 ], [ -3.217728158442241, 55.968623252854236 ], [ -3.21687501879737, 55.968819263917936 ], [ -3.216297979826325, 55.968968343660613 ], [ -3.215868921047751, 55.969088290395163 ], [ -3.216925959073202, 55.970349450919272 ], [ -3.216708972186636, 55.970373424037369 ], [ -3.215206738850676, 55.970504406122309 ], [ -3.215223740833401, 55.970549427887661 ], [ -3.214632763041168, 55.970600442225489 ], [ -3.214472695474035, 55.970619448344173 ], [ -3.21421161476971, 55.970640437577018 ], [ -3.213801678485687, 55.970671426945678 ], [ -3.213738624690494, 55.970708432922777 ], [ -3.213483624670111, 55.970746430276677 ], [ -3.212676548655451, 55.970837474791772 ], [ -3.211070270538865, 55.97096745336956 ], [ -3.210549279033242, 55.971034470595832 ], [ -3.210081179338136, 55.971094408083445 ], [ -3.209685109337705, 55.971125427266713 ], [ -3.209410181533844, 55.97114744058365 ], [ -3.208931052154366, 55.971222395284492 ], [ -3.208403001822091, 55.971245451206286 ], [ -3.207777965577307, 55.971251397436795 ], [ -3.207329965071221, 55.971265399128043 ], [ -3.206768815892118, 55.971252387184521 ], [ -3.206223833174137, 55.971249366364191 ], [ -3.206047758184529, 55.971259444345755 ], [ -3.205729711331078, 55.971114410296344 ], [ -3.205511764000429, 55.971031374065561 ], [ -3.20536473020889, 55.970934347762395 ], [ -3.20531367411363, 55.970826320778706 ], [ -3.204950658223464, 55.970488299795441 ], [ -3.204753625491582, 55.970321327279734 ], [ -3.20438370072956, 55.970007269512777 ], [ -3.204379588534654, 55.969998235892845 ], [ -3.204347631213063, 55.970007262583543 ], [ -3.204302678728284, 55.970006264358283 ], [ -3.204226560647268, 55.969980235831287 ], [ -3.204019673025373, 55.969738252530369 ], [ -3.20395259607473, 55.969616186825405 ], [ -3.203916669523704, 55.969595245747783 ], [ -3.202102332810602, 55.97013024975076 ], [ -3.201755307497272, 55.969774185477732 ], [ -3.201251292318511, 55.969033160449271 ], [ -3.200902236480296, 55.969144099716104 ], [ -3.200632235324086, 55.969201172778831 ], [ -3.199126141470097, 55.96973717279154 ], [ -3.199177104563337, 55.96981717322528 ], [ -3.197731971219516, 55.970262184280912 ], [ -3.197633872447543, 55.970200249801159 ], [ -3.197139907713493, 55.969765193989865 ], [ -3.196192711397568, 55.970094218371337 ], [ -3.195728776069602, 55.970255220157405 ], [ -3.193886594280477, 55.969230040497628 ], [ -3.193751558830658, 55.968998035216799 ], [ -3.193638576290003, 55.968963013908422 ], [ -3.195304782429883, 55.967940934182494 ], [ -3.195026761567846, 55.967754967008105 ], [ -3.194621717624752, 55.967596912737108 ], [ -3.194586707566164, 55.967506873497037 ], [ -3.194451674084442, 55.967274868911531 ], [ -3.19435069352529, 55.96713183469631 ], [ -3.195376751446004, 55.96664582826115 ], [ -3.196231934637446, 55.96629578176718 ], [ -3.19682100712317, 55.966021802270767 ], [ -3.197296013566508, 55.965476714074924 ], [ -3.197111990350506, 55.965138728259845 ], [ -3.196888003176513, 55.964725665008245 ], [ -3.196569974830659, 55.964261587086618 ], [ -3.196337044266876, 55.964003582954071 ], [ -3.195889005780455, 55.963495486018601 ], [ -3.195623972884403, 55.963228538561516 ], [ -3.19618096794956, 55.963106522192078 ], [ -3.196420040948927, 55.963041493627308 ], [ -3.196705142903225, 55.962948436918396 ], [ -3.196942151695622, 55.962829433764625 ], [ -3.196600132003935, 55.962670414664196 ], [ -3.196599025041834, 55.962617420040537 ], [ -3.196416167146344, 55.962594699836771 ], [ -3.197836, 55.96176 ], [ -3.198259, 55.961263 ], [ -3.199972, 55.960789 ], [ -3.206347, 55.959792 ], [ -3.206828, 55.959623 ], [ -3.207063922748004, 55.959408695671137 ], [ -3.207140346397703, 55.959494302221472 ], [ -3.207239305443639, 55.95960123047945 ], [ -3.207240374776218, 55.959682255490115 ], [ -3.207274294700714, 55.959732323338379 ], [ -3.207422322197351, 55.959824306568621 ], [ -3.207634352219977, 55.959948274336789 ], [ -3.208135449293156, 55.960078302555573 ], [ -3.208426394961308, 55.960174363740116 ], [ -3.208506411358173, 55.960190379182443 ], [ -3.209248562332065, 55.960345350243607 ], [ -3.209475545344655, 55.960406370142827 ], [ -3.209801516558956, 55.960583389396113 ], [ -3.209967593489587, 55.960779406598121 ], [ -3.21005058270971, 55.960886399579969 ], [ -3.210283587926285, 55.96114446740782 ], [ -3.210356643999372, 55.961449474807026 ], [ -3.210365587022558, 55.961727530987787 ], [ -3.216340305531851, 55.961183575026702 ], [ -3.217186335174645, 55.961094546231671 ], [ -3.217380123903518, 55.961065410711612 ], [ -3.220299327698559, 55.965169805281896 ], [ -3.22021848542774, 55.965190999309826 ], [ -3.220395530434959, 55.965409982965461 ], [ -3.220459801481156, 55.965395331545501 ], [ -3.221529971967848, 55.966899879393978 ], [ -3.221009503675059, 55.967023175833809 ], [ -3.22011843029006, 55.967221202571096 ], [ -3.220169390585479, 55.967329224625637 ], [ -3.219471341025417, 55.967515183736474 ], [ -3.219893316612564, 55.968212297768815 ], [ -3.217738149757881, 55.968449224311556 ] ] ] } },
{ "type": "Feature", "properties": { "name": "EH3b", "area": 2.2832363547403309, "distance": 3.2693633542086911 }, "geometry": { "type": "Polygon", "coordinates": [ [ [ -3.196416167146344, 55.962594699836771 ], [ -3.196261015028897, 55.962575422092627 ], [ -3.195618006839543, 55.962482388745521 ], [ -3.195457005266652, 55.962457447814629 ], [ -3.195622936873502, 55.962372377245835 ], [ -3.195568995447158, 55.962349452379691 ], [ -3.195492953848467, 55.96231236752481 ], [ -3.195477039839484, 55.962250352882464 ], [ -3.195465941427178, 55.962207427363737 ], [ -3.195748049795547, 55.962077387954643 ], [ -3.195666021692059, 55.961970376232117 ], [ -3.19561696146904, 55.961934377290646 ], [ -3.195505001773335, 55.961953341436477 ], [ -3.1954919988441, 55.961934331728095 ], [ -3.195320922987091, 55.961685338527147 ], [ -3.195266943750883, 55.96158829622096 ], [ -3.195145019073398, 55.961425341637103 ], [ -3.195058026574265, 55.961294300639722 ], [ -3.194649945096844, 55.961391330755752 ], [ -3.194539847455153, 55.961449266370821 ], [ -3.194383902477835, 55.961558315734649 ], [ -3.193963828090727, 55.961330330276532 ], [ -3.193692799206115, 55.961378324595437 ], [ -3.193658878241021, 55.961306242416121 ], [ -3.193578862552676, 55.961307286871858 ], [ -3.193307845609768, 55.961364264185946 ], [ -3.193213740442552, 55.961418270499145 ], [ -3.193105765537945, 55.961545270910641 ], [ -3.192713785650942, 55.96132428626121 ], [ -3.192534711672975, 55.961218301454991 ], [ -3.19209660870889, 55.961052203931636 ], [ -3.191981715680683, 55.960954222125011 ], [ -3.191918656576364, 55.960991217018751 ], [ -3.191674571143157, 55.960867173057942 ], [ -3.191398541186587, 55.960735172186226 ], [ -3.191429666157063, 55.96069920498968 ], [ -3.191233558545751, 55.960593203302174 ], [ -3.190208564237682, 55.96007314257141 ], [ -3.190078548149222, 55.96002013500803 ], [ -3.189967529775311, 55.960048158849965 ], [ -3.189832452785522, 55.959843101505832 ], [ -3.189699508151343, 55.959673060862606 ], [ -3.189746496487076, 55.959646104591442 ], [ -3.189466496312863, 55.959397076814739 ], [ -3.189169426874854, 55.959134018461285 ], [ -3.189444465030438, 55.959018975004085 ], [ -3.189525407447475, 55.958988007684667 ], [ -3.189581442256345, 55.958945960944256 ], [ -3.189690545312676, 55.958846982650918 ], [ -3.189652524342076, 55.958838994590621 ], [ -3.189541538199298, 55.958712942879608 ], [ -3.189508489547842, 55.958668970949915 ], [ -3.189415432671767, 55.958559007039717 ], [ -3.189368461112847, 55.958564940571108 ], [ -3.189180440529714, 55.958523991316511 ], [ -3.188553341522546, 55.958399953004367 ], [ -3.188533421633141, 55.958361963293456 ], [ -3.188460447375499, 55.958277948313686 ], [ -3.188513443348295, 55.958110874669856 ], [ -3.188527358587815, 55.958021889130869 ], [ -3.189596537119458, 55.957831894214813 ], [ -3.18960752484292, 55.957849935751703 ], [ -3.189639546868468, 55.95789490580291 ], [ -3.189645495406276, 55.957920901863709 ], [ -3.189691477729156, 55.957955944625986 ], [ -3.189776533903208, 55.957942905330917 ], [ -3.189801483177764, 55.957976893351436 ], [ -3.189814481972044, 55.957995903690275 ], [ -3.189844535123861, 55.957993906589529 ], [ -3.189956577192544, 55.957977911440643 ], [ -3.189944524898626, 55.957963922994921 ], [ -3.189912604353288, 55.957973933874285 ], [ -3.189818571796347, 55.957814927260102 ], [ -3.189810552258888, 55.957798923396219 ], [ -3.18977048092595, 55.957749898475484 ], [ -3.189866517613925, 55.957728847223613 ], [ -3.190562656299242, 55.957610902709625 ], [ -3.190572653278679, 55.957656893852409 ], [ -3.190583615396845, 55.957656877791017 ], [ -3.191026646898669, 55.957412904916175 ], [ -3.191244719449497, 55.957292837781395 ], [ -3.191504793529198, 55.957417895872318 ], [ -3.191848813673203, 55.957162838701073 ], [ -3.191801805601148, 55.95708585154631 ], [ -3.192030857880575, 55.957043837292638 ], [ -3.192057779438053, 55.957038815390078 ], [ -3.191964828842976, 55.956923821312223 ], [ -3.192081803847303, 55.956900858844051 ], [ -3.192173799343447, 55.956782818053441 ], [ -3.192405827677299, 55.956519768773568 ], [ -3.192570929097481, 55.956386825636578 ], [ -3.192808855957906, 55.956345802102433 ], [ -3.193200011614057, 55.956558798610118 ], [ -3.19311590839309, 55.956692845080269 ], [ -3.193277955827695, 55.956726852636798 ], [ -3.193358950426333, 55.95677080851398 ], [ -3.193439920641058, 55.956796796643737 ], [ -3.193790982093404, 55.95676680393273 ], [ -3.194126987983866, 55.956736866261622 ], [ -3.19431801528661, 55.956716867529678 ], [ -3.194685136295473, 55.956650870598189 ], [ -3.195035187341239, 55.956583870177731 ], [ -3.19506619893156, 55.956565871039246 ], [ -3.195368188427925, 55.956490800948565 ], [ -3.19590827519685, 55.956341817595501 ], [ -3.196005202320289, 55.956349860938481 ], [ -3.196511290254353, 55.956147840083382 ], [ -3.197131385554119, 55.956006788934836 ], [ -3.198820608886861, 55.955711775138298 ], [ -3.198899634432793, 55.9556748009541 ], [ -3.198898534758066, 55.955647769891222 ], [ -3.199536649257406, 55.955551810471626 ], [ -3.19955360980495, 55.955587760960896 ], [ -3.200397738502445, 55.955435797902823 ], [ -3.20130783479122, 55.955345804306781 ], [ -3.201895955904001, 55.955196775425854 ], [ -3.202034913293689, 55.95517179225623 ], [ -3.203856212888299, 55.9548537692609 ], [ -3.204604175849593, 55.954693732600624 ], [ -3.204469175574162, 55.954488779910527 ], [ -3.204300242430291, 55.954211747788626 ], [ -3.204225055637025, 55.954095600916673 ], [ -3.205236906945728, 55.953991916268308 ], [ -3.205656022941144, 55.953802836309706 ], [ -3.205966545463843, 55.95350656062849 ], [ -3.205944399457218, 55.953503632954835 ], [ -3.205921365129668, 55.953429650645305 ], [ -3.206418525733769, 55.953291641875587 ], [ -3.206998536241372, 55.953180669989976 ], [ -3.207452624096099, 55.953084674739742 ], [ -3.207931631811276, 55.953025627250042 ], [ -3.207943688430831, 55.95289964338825 ], [ -3.207925612681415, 55.952836573289062 ], [ -3.207786652362146, 55.952589617864213 ], [ -3.207654615720614, 55.952416532661118 ], [ -3.207600693258884, 55.952368547546804 ], [ -3.20813267949325, 55.952293527581737 ], [ -3.208127729735311, 55.952168518969266 ], [ -3.207923757400633, 55.951801546043939 ], [ -3.207859688505547, 55.951741532111697 ], [ -3.208002731177096, 55.951712549113694 ], [ -3.208238724713243, 55.951674479186636 ], [ -3.208205794015825, 55.951558459380067 ], [ -3.208316761854964, 55.951521525215313 ], [ -3.208291392954211, 55.951512610295588 ], [ -3.208200315162089, 55.951268060665058 ], [ -3.208408784030469, 55.95123250625624 ], [ -3.208437801535282, 55.951286485009327 ], [ -3.208629850485229, 55.951266453872549 ], [ -3.208876840009501, 55.951280471847788 ], [ -3.209157795479889, 55.951261454316146 ], [ -3.209088878915227, 55.951109492495597 ], [ -3.209083810464526, 55.950938397164286 ], [ -3.209064896880645, 55.950848473289732 ], [ -3.209252898389562, 55.950694439698793 ], [ -3.209552851418984, 55.950556376573921 ], [ -3.210009025832723, 55.950291362243128 ], [ -3.209990966899808, 55.950237366079747 ], [ -3.210023046845778, 55.950097349951399 ], [ -3.209990965515197, 55.950021390850843 ], [ -3.209931965023118, 55.949878316093191 ], [ -3.209689921707071, 55.949836311494629 ], [ -3.209465874132812, 55.949829347055704 ], [ -3.209447948191726, 55.949775349508705 ], [ -3.209348879786081, 55.949719363286619 ], [ -3.20963389601641, 55.949585309610036 ], [ -3.2095702062606, 55.949538333660428 ], [ -3.213565202211487, 55.947764011559414 ], [ -3.21385950188724, 55.947962213114408 ], [ -3.214285550546038, 55.948272275826596 ], [ -3.213655406023996, 55.948584299317517 ], [ -3.214195509245447, 55.94895630663796 ], [ -3.214473505306896, 55.949151304966634 ], [ -3.214648453995013, 55.949104301217126 ], [ -3.214901603364238, 55.949003340944728 ], [ -3.214976518933518, 55.94884026137597 ], [ -3.215734678438192, 55.948509269675981 ], [ -3.215931675871136, 55.948660323521494 ], [ -3.21655476573803, 55.949130325760507 ], [ -3.216449722868053, 55.94934733823343 ], [ -3.216596701601509, 55.949444351890705 ], [ -3.216583697074187, 55.949543394168998 ], [ -3.216539714045572, 55.949669424773852 ], [ -3.216669713356608, 55.949713420671152 ], [ -3.216784749059645, 55.949802394370806 ], [ -3.217153804239634, 55.94984340010663 ], [ -3.217398717866777, 55.949993439303597 ], [ -3.217745877898562, 55.949837460677443 ], [ -3.218106814126517, 55.950103503292816 ], [ -3.21830282711582, 55.950218447432754 ], [ -3.21862892302373, 55.950413499989565 ], [ -3.218050795193338, 55.950876501748766 ], [ -3.21773781170882, 55.95108658649815 ], [ -3.217613701923427, 55.951213588931843 ], [ -3.217196653719504, 55.95121752938725 ], [ -3.217003708381875, 55.951183588901102 ], [ -3.21645968518652, 55.951189589366081 ], [ -3.216236640590049, 55.951227547298103 ], [ -3.215977627077399, 55.951255528157851 ], [ -3.215579591128764, 55.951440572654533 ], [ -3.215051400477256, 55.95168655300369 ], [ -3.214702429471168, 55.951844608017318 ], [ -3.214371385535749, 55.952018566717939 ], [ -3.214182301783489, 55.952137581234538 ], [ -3.213962349570412, 55.952274598021546 ], [ -3.21358023052106, 55.952331636853245 ], [ -3.213243183021988, 55.952326600544623 ], [ -3.213199301274902, 55.952443644834602 ], [ -3.213078250558506, 55.952660632088282 ], [ -3.212837248140518, 55.952635692924069 ], [ -3.212525150208747, 55.95263463155927 ], [ -3.212712140192201, 55.952735658277064 ], [ -3.212699141487904, 55.952843683973086 ], [ -3.212748222590116, 55.952888659976658 ], [ -3.212363181914249, 55.952856692356825 ], [ -3.211898143742942, 55.952842669714435 ], [ -3.211660081099232, 55.95290762910912 ], [ -3.211454987751325, 55.953017633095193 ], [ -3.211394044696079, 55.953108701001646 ], [ -3.211191992653871, 55.953307706002995 ], [ -3.211038007955752, 55.953489707749441 ], [ -3.210995987265807, 55.953687768504686 ], [ -3.21101592015418, 55.953839761437003 ], [ -3.210957897145202, 55.954011746166628 ], [ -3.210816966438669, 55.954129743147568 ], [ -3.210694907952389, 55.95431080184494 ], [ -3.21055689973119, 55.954509805388831 ], [ -3.210496810968809, 55.954653780112608 ], [ -3.210532837823744, 55.954779830955978 ], [ -3.210458818238556, 55.954959878449699 ], [ -3.210259875217571, 55.955275912618355 ], [ -3.21009282046553, 55.955538897308756 ], [ -3.209969730201378, 55.955737933312292 ], [ -3.209833760892902, 55.955972941723545 ], [ -3.209585656635518, 55.956262954551882 ], [ -3.209208706939284, 55.95649996787639 ], [ -3.20872255581568, 55.956810012827916 ], [ -3.208644527706237, 55.95688300933648 ], [ -3.208237566015689, 55.957183022141223 ], [ -3.20809648297734, 55.957284037613029 ], [ -3.20786353663815, 55.957510111936337 ], [ -3.207645409628101, 55.95773711865872 ], [ -3.207413459579566, 55.957991122504829 ], [ -3.207335411142917, 55.958055134363654 ], [ -3.207213339741337, 55.958245173456291 ], [ -3.2071683432543, 55.958344168477481 ], [ -3.20706141151087, 55.95850719700595 ], [ -3.207014372324211, 55.958621215215885 ], [ -3.206971315751024, 55.958723155868185 ], [ -3.20699438624625, 55.958921206346687 ], [ -3.206920256773104, 55.9591282044818 ], [ -3.206973380409486, 55.959307273960839 ], [ -3.207063922748004, 55.959408695671137 ], [ -3.206828, 55.959623 ], [ -3.206347, 55.959792 ], [ -3.199972, 55.960789 ], [ -3.198259, 55.961263 ], [ -3.197836, 55.96176 ], [ -3.196416167146344, 55.962594699836771 ] ] ] } },
{ "type": "Feature", "properties": { "name": "EH3c", "area": 3.2490520833455014, "distance": 3.6148907762757339 }, "geometry": { "type": "Polygon", "coordinates": [ [ [ -3.2095702062606, 55.949538333660428 ], [ -3.20909285288913, 55.949186249912621 ], [ -3.20942391266546, 55.949021289155631 ], [ -3.209355955114545, 55.948887286026753 ], [ -3.20919693018516, 55.948924243580144 ], [ -3.209065919784665, 55.948826255958409 ], [ -3.208982070438411, 55.948758530765211 ], [ -3.208769943235403, 55.948587220698727 ], [ -3.208752942920015, 55.948533213968403 ], [ -3.208654879320275, 55.94847119806596 ], [ -3.208596900453247, 55.948441221160039 ], [ -3.208545841536654, 55.948417195635336 ], [ -3.208329900207327, 55.948297131005624 ], [ -3.208258902285233, 55.948256141452447 ], [ -3.20800685632316, 55.948185123535474 ], [ -3.207885866302369, 55.948133124338632 ], [ -3.207804016811352, 55.94812952447797 ], [ -3.207374203542369, 55.948485999080262 ], [ -3.206794789338196, 55.948295464531377 ], [ -3.206104170162399, 55.94812955386584 ], [ -3.205921357259008, 55.948055428357087 ], [ -3.205898788824987, 55.948060051377482 ], [ -3.205898643666217, 55.948055381121712 ], [ -3.205822661317904, 55.94808334618363 ], [ -3.20492720225153, 55.948264688093637 ], [ -3.204645885106763, 55.947374070462644 ], [ -3.204555464586832, 55.947375044241795 ], [ -3.204429438812735, 55.94708402687246 ], [ -3.203967408550974, 55.947088003090364 ], [ -3.203613432398372, 55.947038006451102 ], [ -3.203403336096267, 55.946994958835425 ], [ -3.203334383279197, 55.94705798112264 ], [ -3.203277313387209, 55.947120977171259 ], [ -3.203143366810469, 55.947246982900836 ], [ -3.203022347554323, 55.947330008633898 ], [ -3.202934379924957, 55.947358987325742 ], [ -3.202726292067542, 55.947270010755666 ], [ -3.202476307676642, 55.947166978474847 ], [ -3.202526333058433, 55.947110969225434 ], [ -3.202524234527089, 55.947021958362129 ], [ -3.202679319810745, 55.946874993970241 ], [ -3.20261330732126, 55.946853986839635 ], [ -3.202243321081898, 55.946870983424148 ], [ -3.20190821855115, 55.946939925462132 ], [ -3.201803244173765, 55.947037976431034 ], [ -3.201415245325463, 55.94688696592268 ], [ -3.201476245039654, 55.94683992393135 ], [ -3.201442156143297, 55.946834955759527 ], [ -3.201328130900631, 55.946789979623432 ], [ -3.201203104163198, 55.946764965245841 ], [ -3.201047146501661, 55.946900975791806 ], [ -3.201045197032563, 55.946901983032184 ], [ -3.200688148454269, 55.947238948325833 ], [ -3.200571060386664, 55.947205950038331 ], [ -3.200351115088571, 55.947377980007474 ], [ -3.199804963225287, 55.947146930377627 ], [ -3.199766066974039, 55.946913905123878 ], [ -3.199252914924454, 55.946882964509932 ], [ -3.198723839596743, 55.946887932932896 ], [ -3.198697875026088, 55.946833922245148 ], [ -3.198672865071588, 55.946780890503938 ], [ -3.198628891639589, 55.946579897296431 ], [ -3.198613960121647, 55.946412850558275 ], [ -3.199107002154703, 55.946335912137208 ], [ -3.199600072948997, 55.946195903857458 ], [ -3.19932303536689, 55.946045872838681 ], [ -3.199111004061387, 55.945922789454848 ], [ -3.198547968589716, 55.946071831460308 ], [ -3.198268894517229, 55.946137882777457 ], [ -3.198029912348197, 55.946193840957328 ], [ -3.197920882698159, 55.946207837910315 ], [ -3.197742871148779, 55.946232836897778 ], [ -3.197231786905099, 55.946272841299376 ], [ -3.19680073692634, 55.946304879065039 ], [ -3.19680266144464, 55.946375833848165 ], [ -3.196706724902293, 55.946394823422011 ], [ -3.196708759714217, 55.946430829435961 ], [ -3.196627718793373, 55.946431885992915 ], [ -3.196628681762422, 55.946458828592867 ], [ -3.196245674285211, 55.946498842783129 ], [ -3.196211645641085, 55.946435836051656 ], [ -3.196163613510058, 55.946436841372318 ], [ -3.196161656930018, 55.94636480881924 ], [ -3.196113594429723, 55.946364826177515 ], [ -3.196095688712717, 55.946310826569281 ], [ -3.196079583717486, 55.946293823490706 ], [ -3.196110675343714, 55.946265851016072 ], [ -3.196269712246992, 55.946237804374043 ], [ -3.196215722573228, 55.946049844535487 ], [ -3.195816596243753, 55.9460808502308 ], [ -3.195128585520014, 55.946086806555634 ], [ -3.195226502228871, 55.946157818508226 ], [ -3.1954195486425, 55.946200775892535 ], [ -3.195582544590169, 55.946279780805924 ], [ -3.195665599615667, 55.946369802977351 ], [ -3.195157588028286, 55.946526830223576 ], [ -3.195175479896554, 55.946571846112398 ], [ -3.194415389972439, 55.946848825498684 ], [ -3.194283462413301, 55.946723879309609 ], [ -3.194314451323626, 55.94669680669238 ], [ -3.194280458803608, 55.946634877172613 ], [ -3.193757421128254, 55.946818816485823 ], [ -3.193408314444421, 55.946930904259659 ], [ -3.193291374392929, 55.946760802132687 ], [ -3.193101253878025, 55.946825890353786 ], [ -3.192603252152022, 55.946767823446649 ], [ -3.192254233727988, 55.946375816060062 ], [ -3.19177717487418, 55.946487789589817 ], [ -3.191578204784293, 55.946264755041831 ], [ -3.190588027662242, 55.945313669672132 ], [ -3.189775020037938, 55.945419627622563 ], [ -3.189715963190606, 55.945069643060457 ], [ -3.189760005154648, 55.94440458312615 ], [ -3.189678079785187, 55.944333592167233 ], [ -3.189720104828535, 55.944162580649554 ], [ -3.189718989232944, 55.944117581687927 ], [ -3.189637061797975, 55.94404650088228 ], [ -3.189614044364928, 55.943812510781115 ], [ -3.18963898839384, 55.943605458750326 ], [ -3.189645060936499, 55.943282426054346 ], [ -3.189639110361683, 55.943075402769459 ], [ -3.18976908256498, 55.942616414009123 ], [ -3.189448044976495, 55.942592381946831 ], [ -3.189302101360493, 55.942530363827856 ], [ -3.188900955672127, 55.942507373069049 ], [ -3.188628926141198, 55.942501372984644 ], [ -3.188353910041694, 55.942432333569151 ], [ -3.188140923977928, 55.942263332596582 ], [ -3.187610909445196, 55.942205374828355 ], [ -3.186664735835559, 55.94215133367107 ], [ -3.186263748638755, 55.942146300780728 ], [ -3.185140570174225, 55.942076253529848 ], [ -3.18488259781247, 55.942007311989641 ], [ -3.184349578247082, 55.941859259857452 ], [ -3.183670542203232, 55.941659243454318 ], [ -3.183299405412439, 55.94154619632085 ], [ -3.182733404158506, 55.941381204763594 ], [ -3.182313405243994, 55.941250206563502 ], [ -3.181876365375457, 55.941110116913201 ], [ -3.181653318125856, 55.941121150369277 ], [ -3.181553307157321, 55.941006126384266 ], [ -3.181482324378806, 55.940782117891146 ], [ -3.181494319479444, 55.940647063585622 ], [ -3.181284256390621, 55.940577116118149 ], [ -3.181762337527799, 55.940500120749363 ], [ -3.182175358936962, 55.940398053596837 ], [ -3.182667492739427, 55.940258121870365 ], [ -3.18325449988013, 55.940082059882052 ], [ -3.184177643935845, 55.939911030138731 ], [ -3.184816634422897, 55.939851073050853 ], [ -3.185374703947963, 55.939774102911542 ], [ -3.185757799258546, 55.939743105321163 ], [ -3.186620899074522, 55.939690055645187 ], [ -3.187774977083792, 55.939715050968779 ], [ -3.188689134206319, 55.939760138705076 ], [ -3.190118302239549, 55.939943091444555 ], [ -3.191164367074802, 55.940083194977426 ], [ -3.191610336275332, 55.94015219196298 ], [ -3.193207586016614, 55.940399246097179 ], [ -3.19402762208132, 55.940508273398891 ], [ -3.19500775598672, 55.940624277382426 ], [ -3.195585774563647, 55.940672304293678 ], [ -3.196584931266985, 55.940878310457954 ], [ -3.196842923744711, 55.940930337475208 ], [ -3.197327921449325, 55.941078353229685 ], [ -3.197765991501723, 55.941271383897352 ], [ -3.198025083894472, 55.941350349743523 ], [ -3.198544132451765, 55.941057364782324 ], [ -3.199647185553944, 55.941010334473233 ], [ -3.199617156067019, 55.941055367148245 ], [ -3.199857245285915, 55.941053388697192 ], [ -3.200831334500441, 55.940930341219172 ], [ -3.200862399137105, 55.940927343255339 ], [ -3.200890296175145, 55.940924376157142 ], [ -3.201708418446103, 55.94085539815255 ], [ -3.202060545417029, 55.940843338614407 ], [ -3.202243471036814, 55.941084391305566 ], [ -3.202705514157905, 55.940989413137395 ], [ -3.204436764970219, 55.940705407238113 ], [ -3.204829787390861, 55.940641371822515 ], [ -3.204942814949731, 55.940599389302577 ], [ -3.205124834112883, 55.940534361718882 ], [ -3.205334826816848, 55.940443365958124 ], [ -3.205978894886398, 55.940203389551655 ], [ -3.206295972488689, 55.940083313833156 ], [ -3.206565042190803, 55.939990300084077 ], [ -3.206769982624488, 55.939898363071165 ], [ -3.207016026995543, 55.940058383762079 ], [ -3.207167239318339, 55.940161835505059 ], [ -3.207625825153804, 55.939952236699817 ], [ -3.207935936623274, 55.940193921106335 ], [ -3.207906697704576, 55.940221608979023 ], [ -3.207933179833688, 55.940228356878364 ], [ -3.207910162950714, 55.940498372237833 ], [ -3.208040186954076, 55.940578402709704 ], [ -3.208171120246921, 55.940666419895322 ], [ -3.208572225945831, 55.940671380252873 ], [ -3.208409196135931, 55.940574424760079 ], [ -3.208551238548778, 55.94051041303765 ], [ -3.208747196658541, 55.940418381158821 ], [ -3.208664266695899, 55.9403583729869 ], [ -3.208625209628661, 55.940329378420671 ], [ -3.208431175142706, 55.940203349393137 ], [ -3.20847619987614, 55.940182334407815 ], [ -3.208639240069426, 55.940114343333576 ], [ -3.20843025595698, 55.939970313261071 ], [ -3.208990277791494, 55.93972431740157 ], [ -3.209259274939286, 55.939595362391465 ], [ -3.209686346132117, 55.939870393054939 ], [ -3.210095435849921, 55.939674387564843 ], [ -3.210205401138292, 55.939750390292033 ], [ -3.210226375232864, 55.939741379944032 ], [ -3.210283459390918, 55.939785379905466 ], [ -3.210589452908849, 55.939636383564839 ], [ -3.210794408219146, 55.939528358265555 ], [ -3.210624437382423, 55.939416290915801 ], [ -3.210972530940296, 55.9392543022987 ], [ -3.210846465833303, 55.939157346048297 ], [ -3.211146503678201, 55.939029249710181 ], [ -3.211324519209299, 55.939090297904549 ], [ -3.211625636576111, 55.938950330876686 ], [ -3.211794538928027, 55.939049290707999 ], [ -3.21202561526056, 55.938966251478725 ], [ -3.21196063408977, 55.938927271203639 ], [ -3.212009578077184, 55.938909270916263 ], [ -3.21215867620638, 55.938843298902185 ], [ -3.212374596293468, 55.938744236892447 ], [ -3.212342647573102, 55.938727301962615 ], [ -3.212189644468703, 55.938613272988007 ], [ -3.212490715625014, 55.938476268978292 ], [ -3.212818650417024, 55.938734296431427 ], [ -3.213228678215882, 55.939063296952533 ], [ -3.213294727876588, 55.939115292865026 ], [ -3.212642680338957, 55.939406325789648 ], [ -3.21173253454255, 55.939841392005945 ], [ -3.211994592688541, 55.940027388842836 ], [ -3.212174616510435, 55.940169451861728 ], [ -3.212601599533072, 55.94003938429762 ], [ -3.212816657948654, 55.940267437940541 ], [ -3.211931589129549, 55.94058447824316 ], [ -3.211155492886931, 55.940844470565175 ], [ -3.209719295931062, 55.94134677095154 ], [ -3.209988608686296, 55.941528298623609 ], [ -3.211656733644051, 55.942403209130809 ], [ -3.212071985539592, 55.942251787168843 ], [ -3.213860972387063, 55.943282070443189 ], [ -3.214848714425406, 55.94272170559011 ], [ -3.215141763908886, 55.942871723737944 ], [ -3.214936830719194, 55.942963764425876 ], [ -3.214715707686513, 55.943082736728606 ], [ -3.214607721614259, 55.943209757098892 ], [ -3.214500710108187, 55.943363719792615 ], [ -3.214345675860317, 55.943535764342442 ], [ -3.214225673458985, 55.943797842601455 ], [ -3.21417159092306, 55.944094847840326 ], [ -3.214140686115217, 55.944157860753329 ], [ -3.214135609443509, 55.944480885877759 ], [ -3.214156577598915, 55.944513830252546 ], [ -3.214252647820429, 55.944659861927192 ], [ -3.214328622736096, 55.944956933063381 ], [ -3.214344660434019, 55.945017956100266 ], [ -3.214608605111761, 55.945266906781896 ], [ -3.214977665853478, 55.945317980856046 ], [ -3.215349704446278, 55.945421940266904 ], [ -3.215446774741501, 55.945447934810609 ], [ -3.215369777971123, 55.945556951596117 ], [ -3.21504860819227, 55.946036001922927 ], [ -3.215130718185876, 55.946107064276553 ], [ -3.2152447435772, 55.946160023482449 ], [ -3.215251741817591, 55.946375031590335 ], [ -3.214962610919485, 55.946351020617222 ], [ -3.214818617676572, 55.946353069205514 ], [ -3.214612606622921, 55.946445029988411 ], [ -3.214358578537822, 55.946492094419028 ], [ -3.213911546600992, 55.946532075859523 ], [ -3.213640531067119, 55.946589098718171 ], [ -3.213676492680523, 55.946696103368147 ], [ -3.213613528161799, 55.946760060760525 ], [ -3.213665484738187, 55.946876071558478 ], [ -3.213749431516824, 55.94701009459704 ], [ -3.213864550505152, 55.947081102153234 ], [ -3.213770461125848, 55.947163154558432 ], [ -3.213455396985918, 55.947319165382183 ], [ -3.213647436280003, 55.947464162532277 ], [ -3.213562423705292, 55.947659144124351 ], [ -3.213585505098846, 55.947675177848645 ], [ -3.213516480604665, 55.947731199092978 ], [ -3.213565202211487, 55.947764011559414 ], [ -3.2095702062606, 55.949538333660428 ] ] ] } }
]
}
